This is pdfTeX, Version 3.141592653-2.6-1.40.28 (MiKTeX 25.12) (preloaded format=pdflatex 2026.1.2)  9 JUN 2026 18:48
entering extended mode
 restricted \write18 enabled.
 file:line:error style messages enabled.
 %&-line parsing enabled.
**c:/Users/pleal/Documents/Profesional/Unal/Tesis/Codigo/Prediccion_Probabilistica/Documento/tesis_maestria/main.tex
(c:/Users/pleal/Documents/Profesional/Unal/Tesis/Codigo/Prediccion_Probabilistica/Documento/tesis_maestria/main.tex
LaTeX2e <2025-11-01>
L3 programming layer <2025-12-24>
(C:\Users\pleal\AppData\Local\Programs\MiKTeX\tex/latex/koma-script\scrbook.cls
Document Class: scrbook 2025/12/01 v3.49 KOMA-Script document class (book)
(C:\Users\pleal\AppData\Local\Programs\MiKTeX\tex/latex/koma-script\scrkbase.sty
Package: scrkbase 2025/12/01 v3.49 KOMA-Script package (KOMA-Script-dependent basics and keyval usage)
 (C:\Users\pleal\AppData\Local\Programs\MiKTeX\tex/latex/koma-script\scrbase.sty
Package: scrbase 2025/12/01 v3.49 KOMA-Script package (KOMA-Script-independent basics and keyval usage)
 (C:\Users\pleal\AppData\Local\Programs\MiKTeX\tex/latex/koma-script\scrlfile.sty
Package: scrlfile 2025/12/01 v3.49 KOMA-Script package (file load hooks)
 (C:\Users\pleal\AppData\Local\Programs\MiKTeX\tex/latex/koma-script\scrlfile-hook.sty
Package: scrlfile-hook 2025/12/01 v3.49 KOMA-Script package (using LaTeX hooks)
 (C:\Users\pleal\AppData\Local\Programs\MiKTeX\tex/latex/koma-script\scrlogo.sty
Package: scrlogo 2025/12/01 v3.49 KOMA-Script package (logo)
))) (C:\Users\pleal\AppData\Local\Programs\MiKTeX\tex/latex/graphics\keyval.sty
Package: keyval 2022/05/29 v1.15 key=value parser (DPC)
\KV@toks@=\toks17
)
Applying: [2021/05/01] Usage of raw or classic option list on input line 254.
Already applied: [0000/00/00] Usage of raw or classic option list on input line 370.
)) (C:\Users\pleal\AppData\Local\Programs\MiKTeX\tex/latex/koma-script\tocbasic.sty
Package: tocbasic 2025/12/01 v3.49 KOMA-Script package (handling toc-files)
\scr@dte@tocline@numberwidth=\skip49
\scr@dte@tocline@numbox=\box53
)
Package tocbasic Info: omitting babel extension for `toc'
(tocbasic)             because of feature `nobabel' available
(tocbasic)             for `toc' on input line 143.
Package scrbook Info: You've used standard option `12pt'.
(scrbook)             This is correct!
(scrbook)             Internally I'm using `fontsize=12pt'.
(scrbook)             If you'd like to set the option with \KOMAoptions,
(scrbook)             you'd have to use `fontsize=12pt' there
(scrbook)             instead of `12pt', too.
Class scrbook Info: You've used standard option `openany'.
(scrbook)           This is correct!
(scrbook)           Internally I'm using `open=any'.
(scrbook)           If you'd like to set the option with \KOMAoptions,
(scrbook)           you'd have to use `open=any' there
(scrbook)           instead of `openany', too.
Class scrbook Info: File `scrsize12pt.clo' used to setup font sizes on input line 2711.
 (C:\Users\pleal\AppData\Local\Programs\MiKTeX\tex/latex/koma-script\scrsize12pt.clo
File: scrsize12pt.clo 2025/12/01 v3.49 KOMA-Script font size class option (12pt)
) (C:\Users\pleal\AppData\Local\Programs\MiKTeX\tex/latex/koma-script\typearea.sty
Package: typearea 2025/12/01 v3.49 KOMA-Script package (type area)
\ta@bcor=\skip50
\ta@div=\count275
Package typearea Info: You've used standard option `letterpaper'.
(typearea)             This is correct!
(typearea)             Internally I'm using `paper=letter'.
(typearea)             If you'd like to set the option with \KOMAoptions,
(typearea)             you'd have to use `paper=letter' there
(typearea)             instead of `letterpaper', too.
\ta@hblk=\skip51
\ta@vblk=\skip52
\ta@temp=\skip53
\footheight=\skip54
Package typearea Info: With paper sizes other than (almost) `A4' predefined
(typearea)             DIV values do not exist. Using DIV calculation for good
(typearea)             line width (unless using `version=3.24` or prior).


Package typearea Info: DIV calculation for classic typearea. on input line 1808.

Package typearea Info: These are the values describing the layout:
(typearea)             DIV  = 8
(typearea)             BCOR = 0.0pt
(typearea)             \paperwidth      = 614.295pt
(typearea)              \textwidth      = 383.9344pt
(typearea)              DIV departure   = 1%
(typearea)              \evensidemargin = 81.30374pt
(typearea)              \oddsidemargin  = 4.51688pt
(typearea)             \paperheight     = 794.96999pt
(typearea)              \textheight     = 505.0pt
(typearea)              \topmargin      = -12.77374pt
(typearea)              \headheight     = 18.125pt
(typearea)              \headsep        = 21.75pt
(typearea)              \topskip        = 12.0pt
(typearea)              \footskip       = 50.75pt
(typearea)              \baselineskip   = 14.5pt
(typearea)              on input line 1808.
)
\c@part=\count276
\c@chapter=\count277
\c@section=\count278
\c@subsection=\count279
\c@subsubsection=\count280
\c@paragraph=\count281
\c@subparagraph=\count282
\scr@dte@chapter@maxnumwidth=\skip55
Class scrbook Info: using compatibility default `afterindent=bysign'
(scrbook)           for `\chapter on input line 5937.
\scr@dte@section@maxnumwidth=\skip56
Class scrbook Info: using compatibility default `runin=bysign'
(scrbook)           for `\section on input line 5948.
Class scrbook Info: using compatibility default `afterindent=bysign'
(scrbook)           for `\section on input line 5948.
\scr@dte@part@maxnumwidth=\skip57
Class scrbook Info: using compatibility default `afterindent=true'
(scrbook)           for `\part on input line 5957.
\scr@dte@subsection@maxnumwidth=\skip58
Class scrbook Info: using compatibility default `runin=bysign'
(scrbook)           for `\subsection on input line 5967.
Class scrbook Info: using compatibility default `afterindent=bysign'
(scrbook)           for `\subsection on input line 5967.
\scr@dte@subsubsection@maxnumwidth=\skip59
Class scrbook Info: using compatibility default `runin=bysign'
(scrbook)           for `\subsubsection on input line 5977.
Class scrbook Info: using compatibility default `afterindent=bysign'
(scrbook)           for `\subsubsection on input line 5977.
\scr@dte@paragraph@maxnumwidth=\skip60
Class scrbook Info: using compatibility default `runin=bysign'
(scrbook)           for `\paragraph on input line 5988.
Class scrbook Info: using compatibility default `afterindent=bysign'
(scrbook)           for `\paragraph on input line 5988.
\scr@dte@subparagraph@maxnumwidth=\skip61
Class scrbook Info: using compatibility default `runin=bysign'
(scrbook)           for `\subparagraph on input line 5998.
Class scrbook Info: using compatibility default `afterindent=bysign'
(scrbook)           for `\subparagraph on input line 5998.
\abovecaptionskip=\skip62
\belowcaptionskip=\skip63
\c@pti@nb@sid@b@x=\box54
Package tocbasic Info: omitting babel extension for `lof'
(tocbasic)             because of feature `nobabel' available
(tocbasic)             for `lof' on input line 7234.
\scr@dte@figure@maxnumwidth=\skip64
\c@figure=\count283
Package tocbasic Info: omitting babel extension for `lot'
(tocbasic)             because of feature `nobabel' available
(tocbasic)             for `lot' on input line 7247.
\scr@dte@table@maxnumwidth=\skip65
\c@table=\count284
Class scrbook Info: Redefining `\numberline' on input line 7418.
\bibindent=\dimen148
) (C:\Users\pleal\AppData\Local\Programs\MiKTeX\tex/latex/base\inputenc.sty
Package: inputenc 2024/02/08 v1.3d Input encoding file
\inpenc@prehook=\toks18
\inpenc@posthook=\toks19
)
LaTeX Info: Package 'babel.sty' has been disabled.
            Load request ignored on input line 12.
 (C:\Users\pleal\AppData\Local\Programs\MiKTeX\tex/latex/csquotes\csquotes.sty
Package: csquotes 2024-04-04 v5.2o context-sensitive quotations (JAW)
 (C:\Users\pleal\AppData\Local\Programs\MiKTeX\tex/latex/etoolbox\etoolbox.sty
Package: etoolbox 2025/10/02 v2.5m e-TeX tools for LaTeX (JAW)
\etb@tempcnta=\count285
)
\csq@reset=\count286
\csq@gtype=\count287
\csq@glevel=\count288
\csq@qlevel=\count289
\csq@maxlvl=\count290
\csq@tshold=\count291
\csq@ltx@everypar=\toks20
 (C:\Users\pleal\AppData\Local\Programs\MiKTeX\tex/latex/csquotes\csquotes.def
File: csquotes.def 2024-04-04 v5.2o csquotes generic definitions (JAW)
)
Package csquotes Info: Trying to load configuration file 'csquotes.cfg'...
Package csquotes Info: ... configuration file loaded successfully.
 (C:\Users\pleal\AppData\Local\Programs\MiKTeX\tex/latex/csquotes\csquotes.cfg
File: csquotes.cfg 
)) (C:\Users\pleal\AppData\Local\Programs\MiKTeX\tex/latex/amsmath\amsmath.sty
Package: amsmath 2025/07/09 v2.17z AMS math features
\@mathmargin=\skip66

For additional information on amsmath, use the `?' option.
(C:\Users\pleal\AppData\Local\Programs\MiKTeX\tex/latex/amsmath\amstext.sty
Package: amstext 2024/11/17 v2.01 AMS text
 (C:\Users\pleal\AppData\Local\Programs\MiKTeX\tex/latex/amsmath\amsgen.sty
File: amsgen.sty 1999/11/30 v2.0 generic functions
\@emptytoks=\toks21
\ex@=\dimen149
)) (C:\Users\pleal\AppData\Local\Programs\MiKTeX\tex/latex/amsmath\amsbsy.sty
Package: amsbsy 1999/11/29 v1.2d Bold Symbols
\pmbraise@=\dimen150
) (C:\Users\pleal\AppData\Local\Programs\MiKTeX\tex/latex/amsmath\amsopn.sty
Package: amsopn 2022/04/08 v2.04 operator names
)
\inf@bad=\count292
LaTeX Info: Redefining \frac on input line 233.
\uproot@=\count293
\leftroot@=\count294
LaTeX Info: Redefining \overline on input line 398.
LaTeX Info: Redefining \colon on input line 409.
\classnum@=\count295
\DOTSCASE@=\count296
LaTeX Info: Redefining \ldots on input line 495.
LaTeX Info: Redefining \dots on input line 498.
LaTeX Info: Redefining \cdots on input line 619.
\Mathstrutbox@=\box55
\strutbox@=\box56
LaTeX Info: Redefining \big on input line 721.
LaTeX Info: Redefining \Big on input line 722.
LaTeX Info: Redefining \bigg on input line 723.
LaTeX Info: Redefining \Bigg on input line 724.
\big@size=\dimen151
LaTeX Font Info:    Redeclaring font encoding OML on input line 742.
LaTeX Font Info:    Redeclaring font encoding OMS on input line 743.
\macc@depth=\count297
LaTeX Info: Redefining \bmod on input line 904.
LaTeX Info: Redefining \pmod on input line 909.
LaTeX Info: Redefining \smash on input line 939.
LaTeX Info: Redefining \relbar on input line 969.
LaTeX Info: Redefining \Relbar on input line 970.
\c@MaxMatrixCols=\count298
\dotsspace@=\muskip17
\c@parentequation=\count299
\dspbrk@lvl=\count300
\tag@help=\toks22
\row@=\count301
\column@=\count302
\maxfields@=\count303
\andhelp@=\toks23
\eqnshift@=\dimen152
\alignsep@=\dimen153
\tagshift@=\dimen154
\tagwidth@=\dimen155
\totwidth@=\dimen156
\lineht@=\dimen157
\@envbody=\toks24
\multlinegap=\skip67
\multlinetaggap=\skip68
\mathdisplay@stack=\toks25
LaTeX Info: Redefining \[ on input line 2950.
LaTeX Info: Redefining \] on input line 2951.
) (C:\Users\pleal\AppData\Local\Programs\MiKTeX\tex/latex/amsfonts\amssymb.sty
Package: amssymb 2013/01/14 v3.01 AMS font symbols
 (C:\Users\pleal\AppData\Local\Programs\MiKTeX\tex/latex/amsfonts\amsfonts.sty
Package: amsfonts 2013/01/14 v3.01 Basic AMSFonts support
\symAMSa=\mathgroup4
\symAMSb=\mathgroup5
LaTeX Font Info:    Redeclaring math symbol \hbar on input line 98.
LaTeX Font Info:    Overwriting math alphabet `\mathfrak' in version `bold'
(Font)                  U/euf/m/n --> U/euf/b/n on input line 106.
)) (C:\Users\pleal\AppData\Local\Programs\MiKTeX\tex/latex/amsmath\amscd.sty
Package: amscd 2017/04/14 v2.1 AMS Commutative Diagrams
\athelp@=\toks26
\minaw@=\dimen158
\bigaw@=\dimen159
\minCDarrowwidth=\dimen160
) (C:\Users\pleal\AppData\Local\Programs\MiKTeX\tex/latex/mathtools\mathtools.sty
Package: mathtools 2024/10/04 v1.31 mathematical typesetting tools
 (C:\Users\pleal\AppData\Local\Programs\MiKTeX\tex/latex/tools\calc.sty
Package: calc 2025/03/01 v4.3b Infix arithmetic (KKT,FJ)
\calc@Acount=\count304
\calc@Bcount=\count305
\calc@Adimen=\dimen161
\calc@Bdimen=\dimen162
\calc@Askip=\skip69
\calc@Bskip=\skip70
LaTeX Info: Redefining \setlength on input line 86.
LaTeX Info: Redefining \addtolength on input line 87.
\calc@Ccount=\count306
\calc@Cskip=\skip71
) (C:\Users\pleal\AppData\Local\Programs\MiKTeX\tex/latex/mathtools\mhsetup.sty
Package: mhsetup 2021/03/18 v1.4 programming setup (MH)
)
\g_MT_multlinerow_int=\count307
\l_MT_multwidth_dim=\dimen163
\origjot=\skip72
\l_MT_shortvdotswithinadjustabove_dim=\dimen164
\l_MT_shortvdotswithinadjustbelow_dim=\dimen165
\l_MT_above_intertext_sep=\dimen166
\l_MT_below_intertext_sep=\dimen167
\l_MT_above_shortintertext_sep=\dimen168
\l_MT_below_shortintertext_sep=\dimen169
\xmathstrut@box=\box57
\xmathstrut@dim=\dimen170
) (C:\Users\pleal\AppData\Local\Programs\MiKTeX\tex/latex/bbm\bbm.sty
Package: bbm 1999/03/15 V 1.2 provides fonts for set symbols - TH
LaTeX Font Info:    Overwriting math alphabet `\mathbbm' in version `bold'
(Font)                  U/bbm/m/n --> U/bbm/bx/n on input line 33.
LaTeX Font Info:    Overwriting math alphabet `\mathbbmss' in version `bold'
(Font)                  U/bbmss/m/n --> U/bbmss/bx/n on input line 35.
) (C:\Users\pleal\AppData\Local\Programs\MiKTeX\tex/latex/ncctools\nccmath.sty
Package: nccmath 2006/01/20 v1.3 Additional Math Commands (NCC)
\NCC@fracrulewidth=\dimen171
) (C:\Users\pleal\AppData\Local\Programs\MiKTeX\tex/latex/siunitx\siunitx.sty
Package: siunitx 2025-07-09 v3.4.14 A comprehensive (SI) units package
\l__siunitx_number_uncert_offset_int=\count308
\l__siunitx_number_exponent_fixed_int=\count309
\l__siunitx_number_min_decimal_int=\count310
\l__siunitx_number_min_integer_int=\count311
\l__siunitx_number_round_precision_int=\count312
\l__siunitx_number_lower_threshold_int=\count313
\l__siunitx_number_upper_threshold_int=\count314
\l__siunitx_number_group_first_int=\count315
\l__siunitx_number_group_size_int=\count316
\l__siunitx_number_group_minimum_int=\count317
\l__siunitx_angle_tmp_dim=\dimen172
\l__siunitx_angle_marker_box=\box58
\l__siunitx_angle_unit_box=\box59
\l__siunitx_compound_count_int=\count318
 (C:\Users\pleal\AppData\Local\Programs\MiKTeX\tex/latex/translations\translations.sty
Package: translations 2022/02/05 v1.12 internationalization of LaTeX2e packages (CN)
 (C:\Users\pleal\AppData\Local\Programs\MiKTeX\tex/generic/pdftexcmds\pdftexcmds.sty
Package: pdftexcmds 2020-06-27 v0.33 Utility functions of pdfTeX for LuaTeX (HO)
 (C:\Users\pleal\AppData\Local\Programs\MiKTeX\tex/generic/infwarerr\infwarerr.sty
Package: infwarerr 2019/12/03 v1.5 Providing info/warning/error messages (HO)
) (C:\Users\pleal\AppData\Local\Programs\MiKTeX\tex/generic/iftex\iftex.sty
Package: iftex 2024/12/12 v1.0g TeX engine tests
) (C:\Users\pleal\AppData\Local\Programs\MiKTeX\tex/generic/ltxcmds\ltxcmds.sty
Package: ltxcmds 2023-12-04 v1.26 LaTeX kernel commands for general use (HO)
)
Package pdftexcmds Info: \pdf@primitive is available.
Package pdftexcmds Info: \pdf@ifprimitive is available.
Package pdftexcmds Info: \pdfdraftmode found.
))
\l__siunitx_table_tmp_box=\box60
\l__siunitx_table_tmp_dim=\dimen173
\l__siunitx_table_column_width_dim=\dimen174
\l__siunitx_table_integer_box=\box61
\l__siunitx_table_decimal_box=\box62
\l__siunitx_table_uncert_box=\box63
\l__siunitx_table_before_box=\box64
\l__siunitx_table_after_box=\box65
\l__siunitx_table_before_dim=\dimen175
\l__siunitx_table_carry_dim=\dimen176
\l__siunitx_unit_tmp_int=\count319
\l__siunitx_unit_position_int=\count320
\l__siunitx_unit_total_int=\count321
 (C:\Users\pleal\AppData\Local\Programs\MiKTeX\tex/latex/tools\array.sty
Package: array 2025/09/25 v2.6n Tabular extension package (FMi)
\col@sep=\dimen177
\ar@mcellbox=\box66
\extrarowheight=\dimen178
\NC@list=\toks27
\extratabsurround=\skip73
\backup@length=\skip74
\ar@cellbox=\box67
)) (C:\Users\pleal\AppData\Local\Programs\MiKTeX\tex/latex/graphics\graphicx.sty
Package: graphicx 2024/12/31 v1.2e Enhanced LaTeX Graphics (DPC,SPQR)
 (C:\Users\pleal\AppData\Local\Programs\MiKTeX\tex/latex/graphics\graphics.sty
Package: graphics 2024/08/06 v1.4g Standard LaTeX Graphics (DPC,SPQR)
 (C:\Users\pleal\AppData\Local\Programs\MiKTeX\tex/latex/graphics\trig.sty
Package: trig 2023/12/02 v1.11 sin cos tan (DPC)
) (C:\Users\pleal\AppData\Local\Programs\MiKTeX\tex/latex/graphics-cfg\graphics.cfg
File: graphics.cfg 2016/06/04 v1.11 sample graphics configuration
)
Package graphics Info: Driver file: pdftex.def on input line 106.
 (C:\Users\pleal\AppData\Local\Programs\MiKTeX\tex/latex/graphics-def\pdftex.def
File: pdftex.def 2025/09/29 v1.2d Graphics/color driver for pdftex
))
\Gin@req@height=\dimen179
\Gin@req@width=\dimen180
) (C:\Users\pleal\AppData\Local\Programs\MiKTeX\tex/latex/caption\subcaption.sty
Package: subcaption 2023/07/28 v1.6b Sub-captions (AR)
 (C:\Users\pleal\AppData\Local\Programs\MiKTeX\tex/latex/caption\caption.sty
Package: caption 2023/08/05 v3.6o Customizing captions (AR)

Package tocbasic Info: Loading of class-dependent code for package caption3
(tocbasic)             prevented on line 50.

 (C:\Users\pleal\AppData\Local\Programs\MiKTeX\tex/latex/caption\caption3.sty
Package: caption3 2023/07/31 v2.4d caption3 kernel (AR)
\caption@tempdima=\dimen181
\captionmargin=\dimen182
\caption@leftmargin=\dimen183
\caption@rightmargin=\dimen184
\caption@width=\dimen185
\caption@indent=\dimen186
\caption@parindent=\dimen187
\caption@hangindent=\dimen188
)
\c@caption@flags=\count322
\c@continuedfloat=\count323
)
Package caption Info: New subtype `subfigure' on input line 238.
\c@subfigure=\count324
Package caption Info: New subtype `subtable' on input line 238.
\c@subtable=\count325
) (C:\Users\pleal\AppData\Local\Programs\MiKTeX\tex/latex/pgf/frontendlayer\tikz.sty (C:\Users\pleal\AppData\Local\Programs\MiKTeX\tex/latex/pgf/basiclayer\pgf.sty (C:\Users\pleal\AppData\Local\Programs\MiKTeX\tex/latex/pgf/utilities\pgfrcs.sty (C:\Users\pleal\AppData\Local\Programs\MiKTeX\tex/generic/pgf/utilities\pgfutil-common.tex
\pgfutil@everybye=\toks28
\pgfutil@tempdima=\dimen189
\pgfutil@tempdimb=\dimen190
) (C:\Users\pleal\AppData\Local\Programs\MiKTeX\tex/generic/pgf/utilities\pgfutil-latex.def
\pgfutil@abb=\box68
) (C:\Users\pleal\AppData\Local\Programs\MiKTeX\tex/generic/pgf/utilities\pgfrcs.code.tex (C:\Users\pleal\AppData\Local\Programs\MiKTeX\tex/generic/pgf\pgf.revision.tex)
Package: pgfrcs 2025-08-29 v3.1.11a (3.1.11a)
))
Package: pgf 2025-08-29 v3.1.11a (3.1.11a)
 (C:\Users\pleal\AppData\Local\Programs\MiKTeX\tex/latex/pgf/basiclayer\pgfcore.sty (C:\Users\pleal\AppData\Local\Programs\MiKTeX\tex/latex/pgf/systemlayer\pgfsys.sty (C:\Users\pleal\AppData\Local\Programs\MiKTeX\tex/generic/pgf/systemlayer\pgfsys.code.tex
Package: pgfsys 2025-08-29 v3.1.11a (3.1.11a)
 (C:\Users\pleal\AppData\Local\Programs\MiKTeX\tex/generic/pgf/utilities\pgfkeys.code.tex
\pgfkeys@pathtoks=\toks29
\pgfkeys@temptoks=\toks30
 (C:\Users\pleal\AppData\Local\Programs\MiKTeX\tex/generic/pgf/utilities\pgfkeyslibraryfiltered.code.tex
\pgfkeys@tmptoks=\toks31
))
\pgf@x=\dimen191
\pgf@y=\dimen192
\pgf@xa=\dimen193
\pgf@ya=\dimen194
\pgf@xb=\dimen195
\pgf@yb=\dimen196
\pgf@xc=\dimen197
\pgf@yc=\dimen198
\pgf@xd=\dimen199
\pgf@yd=\dimen256
\w@pgf@writea=\write3
\r@pgf@reada=\read2
\c@pgf@counta=\count326
\c@pgf@countb=\count327
\c@pgf@countc=\count328
\c@pgf@countd=\count329
\t@pgf@toka=\toks32
\t@pgf@tokb=\toks33
\t@pgf@tokc=\toks34
\pgf@sys@id@count=\count330
 (C:\Users\pleal\AppData\Local\Programs\MiKTeX\tex/generic/pgf/systemlayer\pgf.cfg
File: pgf.cfg 2025-08-29 v3.1.11a (3.1.11a)
)
Driver file for pgf: pgfsys-pdftex.def
 (C:\Users\pleal\AppData\Local\Programs\MiKTeX\tex/generic/pgf/systemlayer\pgfsys-pdftex.def
File: pgfsys-pdftex.def 2025-08-29 v3.1.11a (3.1.11a)
 (C:\Users\pleal\AppData\Local\Programs\MiKTeX\tex/generic/pgf/systemlayer\pgfsys-common-pdf.def
File: pgfsys-common-pdf.def 2025-08-29 v3.1.11a (3.1.11a)
))) (C:\Users\pleal\AppData\Local\Programs\MiKTeX\tex/generic/pgf/systemlayer\pgfsyssoftpath.code.tex
File: pgfsyssoftpath.code.tex 2025-08-29 v3.1.11a (3.1.11a)
\pgfsyssoftpath@smallbuffer@items=\count331
\pgfsyssoftpath@bigbuffer@items=\count332
) (C:\Users\pleal\AppData\Local\Programs\MiKTeX\tex/generic/pgf/systemlayer\pgfsysprotocol.code.tex
File: pgfsysprotocol.code.tex 2025-08-29 v3.1.11a (3.1.11a)
)) (C:\Users\pleal\AppData\Local\Programs\MiKTeX\tex/latex/xcolor\xcolor.sty
Package: xcolor 2024/09/29 v3.02 LaTeX color extensions (UK)
 (C:\Users\pleal\AppData\Local\Programs\MiKTeX\tex/latex/graphics-cfg\color.cfg
File: color.cfg 2016/01/02 v1.6 sample color configuration
)
Package xcolor Info: Driver file: pdftex.def on input line 274.
 (C:\Users\pleal\AppData\Local\Programs\MiKTeX\tex/latex/graphics\mathcolor.ltx)
Package xcolor Info: Model `cmy' substituted by `cmy0' on input line 1349.
Package xcolor Info: Model `hsb' substituted by `rgb' on input line 1353.
Package xcolor Info: Model `RGB' extended on input line 1365.
Package xcolor Info: Model `HTML' substituted by `rgb' on input line 1367.
Package xcolor Info: Model `Hsb' substituted by `hsb' on input line 1368.
Package xcolor Info: Model `tHsb' substituted by `hsb' on input line 1369.
Package xcolor Info: Model `HSB' substituted by `hsb' on input line 1370.
Package xcolor Info: Model `Gray' substituted by `gray' on input line 1371.
Package xcolor Info: Model `wave' substituted by `hsb' on input line 1372.
) (C:\Users\pleal\AppData\Local\Programs\MiKTeX\tex/generic/pgf/basiclayer\pgfcore.code.tex
Package: pgfcore 2025-08-29 v3.1.11a (3.1.11a)
 (C:\Users\pleal\AppData\Local\Programs\MiKTeX\tex/generic/pgf/math\pgfmath.code.tex (C:\Users\pleal\AppData\Local\Programs\MiKTeX\tex/generic/pgf/math\pgfmathutil.code.tex) (C:\Users\pleal\AppData\Local\Programs\MiKTeX\tex/generic/pgf/math\pgfmathparser.code.tex
\pgfmath@dimen=\dimen257
\pgfmath@count=\count333
\pgfmath@box=\box69
\pgfmath@toks=\toks35
\pgfmath@stack@operand=\toks36
\pgfmath@stack@operation=\toks37
) (C:\Users\pleal\AppData\Local\Programs\MiKTeX\tex/generic/pgf/math\pgfmathfunctions.code.tex) (C:\Users\pleal\AppData\Local\Programs\MiKTeX\tex/generic/pgf/math\pgfmathfunctions.basic.code.tex) (C:\Users\pleal\AppData\Local\Programs\MiKTeX\tex/generic/pgf/math\pgfmathfunctions.trigonometric.code.tex) (C:\Users\pleal\AppData\Local\Programs\MiKTeX\tex/generic/pgf/math\pgfmathfunctions.random.code.tex) (C:\Users\pleal\AppData\Local\Programs\MiKTeX\tex/generic/pgf/math\pgfmathfunctions.comparison.code.tex) (C:\Users\pleal\AppData\Local\Programs\MiKTeX\tex/generic/pgf/math\pgfmathfunctions.base.code.tex) (C:\Users\pleal\AppData\Local\Programs\MiKTeX\tex/generic/pgf/math\pgfmathfunctions.round.code.tex) (C:\Users\pleal\AppData\Local\Programs\MiKTeX\tex/generic/pgf/math\pgfmathfunctions.misc.code.tex) (C:\Users\pleal\AppData\Local\Programs\MiKTeX\tex/generic/pgf/math\pgfmathfunctions.integerarithmetics.code.tex) (C:\Users\pleal\AppData\Local\Programs\MiKTeX\tex/generic/pgf/math\pgfmathcalc.code.tex) (C:\Users\pleal\AppData\Local\Programs\MiKTeX\tex/generic/pgf/math\pgfmathfloat.code.tex
\c@pgfmathroundto@lastzeros=\count334
)) (C:\Users\pleal\AppData\Local\Programs\MiKTeX\tex/generic/pgf/math\pgfint.code.tex) (C:\Users\pleal\AppData\Local\Programs\MiKTeX\tex/generic/pgf/basiclayer\pgfcorepoints.code.tex
File: pgfcorepoints.code.tex 2025-08-29 v3.1.11a (3.1.11a)
\pgf@picminx=\dimen258
\pgf@picmaxx=\dimen259
\pgf@picminy=\dimen260
\pgf@picmaxy=\dimen261
\pgf@pathminx=\dimen262
\pgf@pathmaxx=\dimen263
\pgf@pathminy=\dimen264
\pgf@pathmaxy=\dimen265
\pgf@xx=\dimen266
\pgf@xy=\dimen267
\pgf@yx=\dimen268
\pgf@yy=\dimen269
\pgf@zx=\dimen270
\pgf@zy=\dimen271
) (C:\Users\pleal\AppData\Local\Programs\MiKTeX\tex/generic/pgf/basiclayer\pgfcorepathconstruct.code.tex
File: pgfcorepathconstruct.code.tex 2025-08-29 v3.1.11a (3.1.11a)
\pgf@path@lastx=\dimen272
\pgf@path@lasty=\dimen273
) (C:\Users\pleal\AppData\Local\Programs\MiKTeX\tex/generic/pgf/basiclayer\pgfcorepathusage.code.tex
File: pgfcorepathusage.code.tex 2025-08-29 v3.1.11a (3.1.11a)
\pgf@shorten@end@additional=\dimen274
\pgf@shorten@start@additional=\dimen275
) (C:\Users\pleal\AppData\Local\Programs\MiKTeX\tex/generic/pgf/basiclayer\pgfcorescopes.code.tex
File: pgfcorescopes.code.tex 2025-08-29 v3.1.11a (3.1.11a)
\pgfpic=\box70
\pgf@hbox=\box71
\pgf@layerbox@main=\box72
\pgf@picture@serial@count=\count335
) (C:\Users\pleal\AppData\Local\Programs\MiKTeX\tex/generic/pgf/basiclayer\pgfcoregraphicstate.code.tex
File: pgfcoregraphicstate.code.tex 2025-08-29 v3.1.11a (3.1.11a)
\pgflinewidth=\dimen276
) (C:\Users\pleal\AppData\Local\Programs\MiKTeX\tex/generic/pgf/basiclayer\pgfcoretransformations.code.tex
File: pgfcoretransformations.code.tex 2025-08-29 v3.1.11a (3.1.11a)
\pgf@pt@x=\dimen277
\pgf@pt@y=\dimen278
\pgf@pt@temp=\dimen279
) (C:\Users\pleal\AppData\Local\Programs\MiKTeX\tex/generic/pgf/basiclayer\pgfcorequick.code.tex
File: pgfcorequick.code.tex 2025-08-29 v3.1.11a (3.1.11a)
) (C:\Users\pleal\AppData\Local\Programs\MiKTeX\tex/generic/pgf/basiclayer\pgfcoreobjects.code.tex
File: pgfcoreobjects.code.tex 2025-08-29 v3.1.11a (3.1.11a)
) (C:\Users\pleal\AppData\Local\Programs\MiKTeX\tex/generic/pgf/basiclayer\pgfcorepathprocessing.code.tex
File: pgfcorepathprocessing.code.tex 2025-08-29 v3.1.11a (3.1.11a)
) (C:\Users\pleal\AppData\Local\Programs\MiKTeX\tex/generic/pgf/basiclayer\pgfcorearrows.code.tex
File: pgfcorearrows.code.tex 2025-08-29 v3.1.11a (3.1.11a)
\pgfarrowsep=\dimen280
) (C:\Users\pleal\AppData\Local\Programs\MiKTeX\tex/generic/pgf/basiclayer\pgfcoreshade.code.tex
File: pgfcoreshade.code.tex 2025-08-29 v3.1.11a (3.1.11a)
\pgf@max=\dimen281
\pgf@sys@shading@range@num=\count336
\pgf@shadingcount=\count337
) (C:\Users\pleal\AppData\Local\Programs\MiKTeX\tex/generic/pgf/basiclayer\pgfcoreimage.code.tex
File: pgfcoreimage.code.tex 2025-08-29 v3.1.11a (3.1.11a)
) (C:\Users\pleal\AppData\Local\Programs\MiKTeX\tex/generic/pgf/basiclayer\pgfcoreexternal.code.tex
File: pgfcoreexternal.code.tex 2025-08-29 v3.1.11a (3.1.11a)
\pgfexternal@startupbox=\box73
) (C:\Users\pleal\AppData\Local\Programs\MiKTeX\tex/generic/pgf/basiclayer\pgfcorelayers.code.tex
File: pgfcorelayers.code.tex 2025-08-29 v3.1.11a (3.1.11a)
) (C:\Users\pleal\AppData\Local\Programs\MiKTeX\tex/generic/pgf/basiclayer\pgfcoretransparency.code.tex
File: pgfcoretransparency.code.tex 2025-08-29 v3.1.11a (3.1.11a)
) (C:\Users\pleal\AppData\Local\Programs\MiKTeX\tex/generic/pgf/basiclayer\pgfcorepatterns.code.tex
File: pgfcorepatterns.code.tex 2025-08-29 v3.1.11a (3.1.11a)
) (C:\Users\pleal\AppData\Local\Programs\MiKTeX\tex/generic/pgf/basiclayer\pgfcorerdf.code.tex
File: pgfcorerdf.code.tex 2025-08-29 v3.1.11a (3.1.11a)
))) (C:\Users\pleal\AppData\Local\Programs\MiKTeX\tex/generic/pgf/modules\pgfmoduleshapes.code.tex
File: pgfmoduleshapes.code.tex 2025-08-29 v3.1.11a (3.1.11a)
\pgfnodeparttextbox=\box74
) (C:\Users\pleal\AppData\Local\Programs\MiKTeX\tex/generic/pgf/modules\pgfmoduleplot.code.tex
File: pgfmoduleplot.code.tex 2025-08-29 v3.1.11a (3.1.11a)
) (C:\Users\pleal\AppData\Local\Programs\MiKTeX\tex/latex/pgf/compatibility\pgfcomp-version-0-65.sty
Package: pgfcomp-version-0-65 2025-08-29 v3.1.11a (3.1.11a)
\pgf@nodesepstart=\dimen282
\pgf@nodesepend=\dimen283
) (C:\Users\pleal\AppData\Local\Programs\MiKTeX\tex/latex/pgf/compatibility\pgfcomp-version-1-18.sty
Package: pgfcomp-version-1-18 2025-08-29 v3.1.11a (3.1.11a)
)) (C:\Users\pleal\AppData\Local\Programs\MiKTeX\tex/latex/pgf/utilities\pgffor.sty (C:\Users\pleal\AppData\Local\Programs\MiKTeX\tex/latex/pgf/utilities\pgfkeys.sty (C:\Users\pleal\AppData\Local\Programs\MiKTeX\tex/generic/pgf/utilities\pgfkeys.code.tex)) (C:\Users\pleal\AppData\Local\Programs\MiKTeX\tex/latex/pgf/math\pgfmath.sty (C:\Users\pleal\AppData\Local\Programs\MiKTeX\tex/generic/pgf/math\pgfmath.code.tex)) (C:\Users\pleal\AppData\Local\Programs\MiKTeX\tex/generic/pgf/utilities\pgffor.code.tex
Package: pgffor 2025-08-29 v3.1.11a (3.1.11a)
\pgffor@iter=\dimen284
\pgffor@skip=\dimen285
\pgffor@stack=\toks38
\pgffor@toks=\toks39
)) (C:\Users\pleal\AppData\Local\Programs\MiKTeX\tex/generic/pgf/frontendlayer/tikz\tikz.code.tex
Package: tikz 2025-08-29 v3.1.11a (3.1.11a)
 (C:\Users\pleal\AppData\Local\Programs\MiKTeX\tex/generic/pgf/libraries\pgflibraryplothandlers.code.tex
File: pgflibraryplothandlers.code.tex 2025-08-29 v3.1.11a (3.1.11a)
\pgf@plot@mark@count=\count338
\pgfplotmarksize=\dimen286
)
\tikz@lastx=\dimen287
\tikz@lasty=\dimen288
\tikz@lastxsaved=\dimen289
\tikz@lastysaved=\dimen290
\tikz@lastmovetox=\dimen291
\tikz@lastmovetoy=\dimen292
\tikzleveldistance=\dimen293
\tikzsiblingdistance=\dimen294
\tikz@figbox=\box75
\tikz@figbox@bg=\box76
\tikz@tempbox=\box77
\tikz@tempbox@bg=\box78
\tikztreelevel=\count339
\tikznumberofchildren=\count340
\tikznumberofcurrentchild=\count341
\tikz@fig@count=\count342
 (C:\Users\pleal\AppData\Local\Programs\MiKTeX\tex/generic/pgf/modules\pgfmodulematrix.code.tex
File: pgfmodulematrix.code.tex 2025-08-29 v3.1.11a (3.1.11a)
\pgfmatrixcurrentrow=\count343
\pgfmatrixcurrentcolumn=\count344
\pgf@matrix@numberofcolumns=\count345
)
\tikz@expandcount=\count346
 (C:\Users\pleal\AppData\Local\Programs\MiKTeX\tex/generic/pgf/frontendlayer/tikz/libraries\tikzlibrarytopaths.code.tex
File: tikzlibrarytopaths.code.tex 2025-08-29 v3.1.11a (3.1.11a)
))) (C:\Users\pleal\AppData\Local\Programs\MiKTeX\tex/generic/pgf/frontendlayer/tikz/libraries\tikzlibrarypatterns.code.tex
File: tikzlibrarypatterns.code.tex 2025-08-29 v3.1.11a (3.1.11a)
 (C:\Users\pleal\AppData\Local\Programs\MiKTeX\tex/generic/pgf/libraries\pgflibrarypatterns.code.tex
File: pgflibrarypatterns.code.tex 2025-08-29 v3.1.11a (3.1.11a)
)) (C:\Users\pleal\AppData\Local\Programs\MiKTeX\tex/generic/pgf/frontendlayer/tikz/libraries\tikzlibraryshapes.code.tex
File: tikzlibraryshapes.code.tex 2025-08-29 v3.1.11a (3.1.11a)
 (C:\Users\pleal\AppData\Local\Programs\MiKTeX\tex/generic/pgf/frontendlayer/tikz/libraries\tikzlibraryshapes.geometric.code.tex
File: tikzlibraryshapes.geometric.code.tex 2025-08-29 v3.1.11a (3.1.11a)
 (C:\Users\pleal\AppData\Local\Programs\MiKTeX\tex/generic/pgf/libraries/shapes\pgflibraryshapes.geometric.code.tex
File: pgflibraryshapes.geometric.code.tex 2025-08-29 v3.1.11a (3.1.11a)
)) (C:\Users\pleal\AppData\Local\Programs\MiKTeX\tex/generic/pgf/frontendlayer/tikz/libraries\tikzlibraryshapes.misc.code.tex
File: tikzlibraryshapes.misc.code.tex 2025-08-29 v3.1.11a (3.1.11a)
 (C:\Users\pleal\AppData\Local\Programs\MiKTeX\tex/generic/pgf/libraries/shapes\pgflibraryshapes.misc.code.tex
File: pgflibraryshapes.misc.code.tex 2025-08-29 v3.1.11a (3.1.11a)
)) (C:\Users\pleal\AppData\Local\Programs\MiKTeX\tex/generic/pgf/frontendlayer/tikz/libraries\tikzlibraryshapes.symbols.code.tex
File: tikzlibraryshapes.symbols.code.tex 2025-08-29 v3.1.11a (3.1.11a)
 (C:\Users\pleal\AppData\Local\Programs\MiKTeX\tex/generic/pgf/libraries/shapes\pgflibraryshapes.symbols.code.tex
File: pgflibraryshapes.symbols.code.tex 2025-08-29 v3.1.11a (3.1.11a)
)) (C:\Users\pleal\AppData\Local\Programs\MiKTeX\tex/generic/pgf/frontendlayer/tikz/libraries\tikzlibraryshapes.arrows.code.tex
File: tikzlibraryshapes.arrows.code.tex 2025-08-29 v3.1.11a (3.1.11a)
 (C:\Users\pleal\AppData\Local\Programs\MiKTeX\tex/generic/pgf/libraries/shapes\pgflibraryshapes.arrows.code.tex
File: pgflibraryshapes.arrows.code.tex 2025-08-29 v3.1.11a (3.1.11a)
)) (C:\Users\pleal\AppData\Local\Programs\MiKTeX\tex/generic/pgf/frontendlayer/tikz/libraries\tikzlibraryshapes.callouts.code.tex (C:\Users\pleal\AppData\Local\Programs\MiKTeX\tex/generic/pgf/libraries/shapes\pgflibraryshapes.callouts.code.tex))
(C:\Users\pleal\AppData\Local\Programs\MiKTeX\tex/generic/pgf/frontendlayer/tikz/libraries\tikzlibraryshapes.multipart.code.tex
File: tikzlibraryshapes.multipart.code.tex 2025-08-29 v3.1.11a (3.1.11a)
 (C:\Users\pleal\AppData\Local\Programs\MiKTeX\tex/generic/pgf/libraries/shapes\pgflibraryshapes.multipart.code.tex
File: pgflibraryshapes.multipart.code.tex 2025-08-29 v3.1.11a (3.1.11a)
\pgfnodepartlowerbox=\box79
\pgfnodeparttwobox=\box80
\pgfnodepartthreebox=\box81
\pgfnodepartfourbox=\box82
\pgfnodeparttwentybox=\box83
\pgfnodepartnineteenbox=\box84
\pgfnodeparteighteenbox=\box85
\pgfnodepartseventeenbox=\box86
\pgfnodepartsixteenbox=\box87
\pgfnodepartfifteenbox=\box88
\pgfnodepartfourteenbox=\box89
\pgfnodepartthirteenbox=\box90
\pgfnodeparttwelvebox=\box91
\pgfnodepartelevenbox=\box92
\pgfnodeparttenbox=\box93
\pgfnodepartninebox=\box94
\pgfnodeparteightbox=\box95
\pgfnodepartsevenbox=\box96
\pgfnodepartsixbox=\box97
\pgfnodepartfivebox=\box98
))) (C:\Users\pleal\AppData\Local\Programs\MiKTeX\tex/latex/pgfgantt\pgfgantt.sty
Package: pgfgantt 2024/06/19 v5.0a Draw Gantt diagrams with TikZ
 (C:\Users\pleal\AppData\Local\Programs\MiKTeX\tex/generic/pgf/frontendlayer/tikz/libraries\tikzlibraryarrows.code.tex
File: tikzlibraryarrows.code.tex 2025-08-29 v3.1.11a (3.1.11a)
 (C:\Users\pleal\AppData\Local\Programs\MiKTeX\tex/generic/pgf/libraries\pgflibraryarrows.code.tex
File: pgflibraryarrows.code.tex 2025-08-29 v3.1.11a (3.1.11a)
\arrowsize=\dimen295
)) (C:\Users\pleal\AppData\Local\Programs\MiKTeX\tex/generic/pgf/frontendlayer/tikz/libraries\tikzlibrarybackgrounds.code.tex
File: tikzlibrarybackgrounds.code.tex 2025-08-29 v3.1.11a (3.1.11a)
\pgf@layerbox@background=\box99
\pgf@layerboxsaved@background=\box100
) (C:\Users\pleal\AppData\Local\Programs\MiKTeX\tex/generic/pgf/frontendlayer/tikz/libraries\tikzlibrarycalc.code.tex
File: tikzlibrarycalc.code.tex 2025-08-29 v3.1.11a (3.1.11a)
) (C:\Users\pleal\AppData\Local\Programs\MiKTeX\tex/generic/pgf/frontendlayer/tikz/libraries\tikzlibrarypositioning.code.tex
File: tikzlibrarypositioning.code.tex 2025-08-29 v3.1.11a (3.1.11a)
) (C:\Users\pleal\AppData\Local\Programs\MiKTeX\tex/latex/pgf/utilities\pgfcalendar.sty (C:\Users\pleal\AppData\Local\Programs\MiKTeX\tex/generic/pgf/utilities\pgfcalendar.code.tex
File: pgfcalendar.code.tex 2025-08-29 v3.1.11a (3.1.11a)
\pgfcalendarcurrentjulian=\count347
\pgf@cal@easter@Y=\count348
\pgf@cal@easter@G=\count349
\pgf@cal@easter@C=\count350
\pgf@cal@easter@X=\count351
\pgf@cal@easter@Z=\count352
\pgf@cal@easter@D=\count353
\pgf@cal@easter@E=\count354
\pgf@cal@easter@N=\count355
\pgf@cal@easter@M=\count356
\pgf@cal@easter@julianday=\count357
))
\gtt@currentline=\count358
\gtt@lasttitleline=\count359
\gtt@currgrid=\count360
\gtt@chartwidth=\count361
\gtt@lasttitleslot=\count362
\gtt@elementid=\count363
\gtt@today@slot=\count364
\gtt@startjulian=\count365
\gtt@endjulian=\count366
\gtt@chartid=\count367
\gtt@vrule@slot=\count368
\gtt@calendar@slots=\count369
\gtt@calendar@weeknumber=\count370
\gtt@calendar@startofweek=\count371
\gtt@left@slot=\count372
\gtt@right@slot=\count373
) (C:\Users\pleal\AppData\Local\Programs\MiKTeX\tex/latex/booktabs\booktabs.sty
Package: booktabs 2020/01/12 v1.61803398 Publication quality tables
\heavyrulewidth=\dimen296
\lightrulewidth=\dimen297
\cmidrulewidth=\dimen298
\belowrulesep=\dimen299
\belowbottomsep=\dimen300
\aboverulesep=\dimen301
\abovetopsep=\dimen302
\cmidrulesep=\dimen303
\cmidrulekern=\dimen304
\defaultaddspace=\dimen305
\@cmidla=\count374
\@cmidlb=\count375
\@aboverulesep=\dimen306
\@belowrulesep=\dimen307
\@thisruleclass=\count376
\@lastruleclass=\count377
\@thisrulewidth=\dimen308
) (C:\Users\pleal\AppData\Local\Programs\MiKTeX\tex/latex/threeparttable\threeparttable.sty
Package: threeparttable 2003/06/13  v 3.0
\@tempboxb=\box101
) (C:\Users\pleal\AppData\Local\Programs\MiKTeX\tex/latex/multirow\multirow.sty
Package: multirow 2024/11/12 v2.9 Span multiple rows of a table
\multirow@colwidth=\skip75
\multirow@cntb=\count378
\multirow@dima=\skip76
\bigstrutjot=\dimen309
) (C:\Users\pleal\AppData\Local\Programs\MiKTeX\tex/latex/floatrow\floatrow.sty
Package: floatrow 2008/08/02 v0.3b floatrow: float package extension
\c@float@type=\count379
\float@exts=\toks40
\float@box=\box102
\@floatcapt=\box103
Package floatrow Info: Modified float package code loaded on input line 455.
Package floatrow Info: Modified rotfloat package code loaded on input line 473.
\FR@everyfloat=\toks41
\flrow@foot=\insert252
\FB@wd=\dimen310
\FBo@wd=\dimen311
\FBc@wd=\dimen312
\FBo@ht=\skip77
\FBc@ht=\skip78
\FBf@ht=\skip79
\FBo@max=\skip80
\FBc@max=\skip81
\FBf@max=\skip82
\c@FBl@b=\count380
\floatbox@depth=\count381
\c@FRobj=\count382
\c@FRsobj=\count383
\Xhsize=\skip83
\sXhsize=\skip84
\Zhsize=\skip85
\sZhsize=\skip86
\flrow@rowbox=\box104
\FR@Zunitlength=\dimen313
\c@FBcnt=\count384
\FPOScnt=\count385
\LTleft=\skip87
\LTright=\skip88
\LTleft=\skip89
\LTright=\skip90
\flrow@types=\toks42
) (C:\Users\pleal\AppData\Local\Programs\MiKTeX\tex/latex/ragged2e\ragged2e.sty
Package: ragged2e 2023/06/22 v3.6 ragged2e Package
\CenteringLeftskip=\skip91
\RaggedLeftLeftskip=\skip92
\RaggedRightLeftskip=\skip93
\CenteringRightskip=\skip94
\RaggedLeftRightskip=\skip95
\RaggedRightRightskip=\skip96
\CenteringParfillskip=\skip97
\RaggedLeftParfillskip=\skip98
\RaggedRightParfillskip=\skip99
\JustifyingParfillskip=\skip100
\CenteringParindent=\skip101
\RaggedLeftParindent=\skip102
\RaggedRightParindent=\skip103
\JustifyingParindent=\skip104
) (C:\Users\pleal\AppData\Local\Programs\MiKTeX\tex/latex/setspace\setspace.sty
Package: setspace 2022/12/04 v6.7b set line spacing
) (C:\Users\pleal\AppData\Local\Programs\MiKTeX\tex/latex/geometry\geometry.sty
Package: geometry 2020/01/02 v5.9 Page Geometry
 (C:\Users\pleal\AppData\Local\Programs\MiKTeX\tex/generic/iftex\ifvtex.sty
Package: ifvtex 2019/10/25 v1.7 ifvtex legacy package. Use iftex instead.
)
\Gm@cnth=\count386
\Gm@cntv=\count387
\c@Gm@tempcnt=\count388
\Gm@bindingoffset=\dimen314
\Gm@wd@mp=\dimen315
\Gm@odd@mp=\dimen316
\Gm@even@mp=\dimen317
\Gm@layoutwidth=\dimen318
\Gm@layoutheight=\dimen319
\Gm@layouthoffset=\dimen320
\Gm@layoutvoffset=\dimen321
\Gm@dimlist=\toks43
 (C:\Users\pleal\AppData\Local\Programs\MiKTeX\tex/latex/geometry\geometry.cfg)) (C:\Users\pleal\AppData\Local\Programs\MiKTeX\tex/latex/koma-script\scrlayer-scrpage.sty
Package: scrlayer-scrpage 2025/12/01 v3.49 KOMA-Script package (end user interface for scrlayer)
 (C:\Users\pleal\AppData\Local\Programs\MiKTeX\tex/latex/koma-script\scrlayer.sty
Package: scrlayer 2025/12/01 v3.49 KOMA-Script package (defining layers and page styles)
Package scrlayer Info: patching LaTeX kernel macro \pagestyle on input line 2179.
)
Package scrlayer-scrpage Info: Makeing stand-alone element `pagehead' from
(scrlayer-scrpage)             alias to `pageheadfoot' on input line 1106.
) (C:\Users\pleal\AppData\Local\Programs\MiKTeX\tex/latex/biblatex\biblatex.sty
Package: biblatex 2025/07/10 v3.21 programmable bibliographies (PK/MW)
 (C:\Users\pleal\AppData\Local\Programs\MiKTeX\tex/latex/kvoptions\kvoptions.sty
Package: kvoptions 2022-06-15 v3.15 Key value format for package options (HO)
 (C:\Users\pleal\AppData\Local\Programs\MiKTeX\tex/latex/kvsetkeys\kvsetkeys.sty
Package: kvsetkeys 2022-10-05 v1.19 Key value parser (HO)
)) (C:\Users\pleal\AppData\Local\Programs\MiKTeX\tex/latex/logreq\logreq.sty
Package: logreq 2010/08/04 v1.0 xml request logger
\lrq@indent=\count389
 (C:\Users\pleal\AppData\Local\Programs\MiKTeX\tex/latex/logreq\logreq.def
File: logreq.def 2010/08/04 v1.0 logreq spec v1.0
)) (C:\Users\pleal\AppData\Local\Programs\MiKTeX\tex/latex/base\ifthen.sty
Package: ifthen 2024/03/16 v1.1e Standard LaTeX ifthen package (DPC)
) (C:\Users\pleal\AppData\Local\Programs\MiKTeX\tex/latex/url\url.sty
\Urlmuskip=\muskip18
Package: url 2013/09/16  ver 3.4  Verb mode for urls, etc.
)
\c@tabx@nest=\count390
\c@listtotal=\count391
\c@listcount=\count392
\c@liststart=\count393
\c@liststop=\count394
\c@citecount=\count395
\c@citetotal=\count396
\c@multicitecount=\count397
\c@multicitetotal=\count398
\c@instcount=\count399
\c@maxnames=\count400
\c@minnames=\count401
\c@maxitems=\count402
\c@minitems=\count403
\c@citecounter=\count404
\c@maxcitecounter=\count405
\c@savedcitecounter=\count406
\c@uniquelist=\count407
\c@uniquename=\count408
\c@refsection=\count409
\c@refsegment=\count410
\c@maxextratitle=\count411
\c@maxextratitleyear=\count412
\c@maxextraname=\count413
\c@maxextradate=\count414
\c@maxextraalpha=\count415
\c@abbrvpenalty=\count416
\c@highnamepenalty=\count417
\c@lownamepenalty=\count418
\c@maxparens=\count419
\c@parenlevel=\count420
\blx@tempcnta=\count421
\blx@tempcntb=\count422
\blx@tempcntc=\count423
\c@blx@maxsection=\count424
\blx@maxsegment@0=\count425
\blx@notetype=\count426
\blx@parenlevel@text=\count427
\blx@parenlevel@foot=\count428
\blx@sectionciteorder@0=\count429
\blx@sectionciteorderinternal@0=\count430
\blx@entrysetcounter=\count431
\blx@biblioinstance=\count432
\labelnumberwidth=\skip105
\labelalphawidth=\skip106
\biblabelsep=\skip107
\bibitemsep=\skip108
\bibnamesep=\skip109
\bibinitsep=\skip110
\bibparsep=\skip111
\bibhang=\skip112
\blx@bcfin=\read3
\blx@bcfout=\write4
\blx@langwohyphens=\language79
\c@mincomprange=\count433
\c@maxcomprange=\count434
\c@mincompwidth=\count435
Package biblatex Info: Trying to load biblatex default data model...
Package biblatex Info: ... file 'blx-dm.def' found.
 (C:\Users\pleal\AppData\Local\Programs\MiKTeX\tex/latex/biblatex\blx-dm.def
File: blx-dm.def 2025/07/10 v3.21 biblatex datamodel (PK/MW)
)
Package biblatex Info: Trying to load biblatex style data model...
Package biblatex Info: ... file 'authoryear.dbx' not found.
Package biblatex Info: Trying to load biblatex custom data model...
Package biblatex Info: ... file 'biblatex-dm.cfg' not found.
\c@afterword=\count436
\c@savedafterword=\count437
\c@annotator=\count438
\c@savedannotator=\count439
\c@author=\count440
\c@savedauthor=\count441
\c@bookauthor=\count442
\c@savedbookauthor=\count443
\c@commentator=\count444
\c@savedcommentator=\count445
\c@editor=\count446
\c@savededitor=\count447
\c@editora=\count448
\c@savededitora=\count449
\c@editorb=\count450
\c@savededitorb=\count451
\c@editorc=\count452
\c@savededitorc=\count453
\c@foreword=\count454
\c@savedforeword=\count455
\c@holder=\count456
\c@savedholder=\count457
\c@introduction=\count458
\c@savedintroduction=\count459
\c@namea=\count460
\c@savednamea=\count461
\c@nameb=\count462
\c@savednameb=\count463
\c@namec=\count464
\c@savednamec=\count465
\c@translator=\count466
\c@savedtranslator=\count467
\c@shortauthor=\count468
\c@savedshortauthor=\count469
\c@shorteditor=\count470
\c@savedshorteditor=\count471
\c@labelname=\count472
\c@savedlabelname=\count473
\c@institution=\count474
\c@savedinstitution=\count475
\c@lista=\count476
\c@savedlista=\count477
\c@listb=\count478
\c@savedlistb=\count479
\c@listc=\count480
\c@savedlistc=\count481
\c@listd=\count482
\c@savedlistd=\count483
\c@liste=\count484
\c@savedliste=\count485
\c@listf=\count486
\c@savedlistf=\count487
\c@location=\count488
\c@savedlocation=\count489
\c@organization=\count490
\c@savedorganization=\count491
\c@origlocation=\count492
\c@savedoriglocation=\count493
\c@origpublisher=\count494
\c@savedorigpublisher=\count495
\c@publisher=\count496
\c@savedpublisher=\count497
\c@language=\count498
\c@savedlanguage=\count499
\c@origlanguage=\count500
\c@savedoriglanguage=\count501
\c@pageref=\count502
\c@savedpageref=\count503
\shorthandwidth=\skip113
\shortjournalwidth=\skip114
\shortserieswidth=\skip115
\shorttitlewidth=\skip116
\shortauthorwidth=\skip117
\shorteditorwidth=\skip118
\locallabelnumberwidth=\skip119
\locallabelalphawidth=\skip120
\localshorthandwidth=\skip121
\localshortjournalwidth=\skip122
\localshortserieswidth=\skip123
\localshorttitlewidth=\skip124
\localshortauthorwidth=\skip125
\localshorteditorwidth=\skip126
Package biblatex Info: Trying to load compatibility code...
Package biblatex Info: ... file 'blx-compat.def' found.
 (C:\Users\pleal\AppData\Local\Programs\MiKTeX\tex/latex/biblatex\blx-compat.def
File: blx-compat.def 2025/07/10 v3.21 biblatex compatibility (PK/MW)
)
Package biblatex Info: Trying to load generic definitions...
Package biblatex Info: ... file 'biblatex.def' found.
 (C:\Users\pleal\AppData\Local\Programs\MiKTeX\tex/latex/biblatex\biblatex.def
File: biblatex.def 2025/07/10 v3.21 biblatex compatibility (PK/MW)
\c@textcitecount=\count504
\c@textcitetotal=\count505
\c@textcitemaxnames=\count506
\c@biburlbigbreakpenalty=\count507
\c@biburlbreakpenalty=\count508
\c@biburlnumpenalty=\count509
\c@biburlucpenalty=\count510
\c@biburllcpenalty=\count511
\biburlbigskip=\muskip19
\biburlnumskip=\muskip20
\biburlucskip=\muskip21
\biburllcskip=\muskip22
\c@smartand=\count512
)
Package biblatex Info: Trying to load bibliography style 'authoryear'...
Package biblatex Info: ... file 'authoryear.bbx' found.
 (C:\Users\pleal\AppData\Local\Programs\MiKTeX\tex/latex/biblatex/bbx\authoryear.bbx
File: authoryear.bbx 2025/07/10 v3.21 biblatex bibliography style (PK/MW)
Package biblatex Info: Trying to load bibliography style 'standard'...
Package biblatex Info: ... file 'standard.bbx' found.
 (C:\Users\pleal\AppData\Local\Programs\MiKTeX\tex/latex/biblatex/bbx\standard.bbx
File: standard.bbx 2025/07/10 v3.21 biblatex bibliography style (PK/MW)
\c@bbx:relatedcount=\count513
\c@bbx:relatedtotal=\count514
))
Package biblatex Info: Trying to load citation style 'authoryear'...
Package biblatex Info: ... file 'authoryear.cbx' found.
 (C:\Users\pleal\AppData\Local\Programs\MiKTeX\tex/latex/biblatex/cbx\authoryear.cbx
File: authoryear.cbx 2025/07/10 v3.21 biblatex citation style (PK/MW)
Package biblatex Info: Redefining '\cite'.
Package biblatex Info: Redefining '\parencite'.
Package biblatex Info: Redefining '\footcite'.
Package biblatex Info: Redefining '\footcitetext'.
Package biblatex Info: Redefining '\smartcite'.
Package biblatex Info: Redefining '\textcite'.
Package biblatex Info: Redefining '\textcites'.
)
Package biblatex Info: Trying to load configuration file...
Package biblatex Info: ... file 'biblatex.cfg' found.
 (C:\Users\pleal\AppData\Local\Programs\MiKTeX\tex/latex/biblatex\biblatex.cfg
File: biblatex.cfg 
)
Package biblatex Info: Input encoding 'utf8' detected.
Package biblatex Info: Document encoding is UTF8 ....
 (C:\Users\pleal\AppData\Local\Programs\MiKTeX\tex/latex/l3kernel\expl3.sty
Package: expl3 2025-12-24 L3 programming layer (loader) 
 (C:\Users\pleal\AppData\Local\Programs\MiKTeX\tex/latex/l3backend\l3backend-pdftex.def
File: l3backend-pdftex.def 2025-10-09 L3 backend support: PDF output (pdfTeX)
\l__color_backend_stack_int=\count515
))
Package biblatex Info: ... and expl3
(biblatex)             2025-12-24 L3 programming layer (loader) 
(biblatex)             is new enough (at least 2020/04/06),
(biblatex)             setting 'casechanger=expl3'.
 (C:\Users\pleal\AppData\Local\Programs\MiKTeX\tex/latex/biblatex\blx-case-expl3.sty (C:\Users\pleal\AppData\Local\Programs\MiKTeX\tex/latex/l3packages/xparse\xparse.sty
Package: xparse 2025-10-09 L3 Experimental document command parser
)
Package: blx-case-expl3 2025/07/10 v3.21 expl3 case changing code for biblatex
)) (C:\Users\pleal\AppData\Local\Programs\MiKTeX\tex/latex/hyperref\hyperref.sty
Package: hyperref 2025-07-12 v7.01o Hypertext links for LaTeX
 (C:\Users\pleal\AppData\Local\Programs\MiKTeX\tex/generic/kvdefinekeys\kvdefinekeys.sty
Package: kvdefinekeys 2019-12-19 v1.6 Define keys (HO)
) (C:\Users\pleal\AppData\Local\Programs\MiKTeX\tex/generic/pdfescape\pdfescape.sty
Package: pdfescape 2019/12/09 v1.15 Implements pdfTeX's escape features (HO)
) (C:\Users\pleal\AppData\Local\Programs\MiKTeX\tex/latex/hycolor\hycolor.sty
Package: hycolor 2020-01-27 v1.10 Color options for hyperref/bookmark (HO)
) (C:\Users\pleal\AppData\Local\Programs\MiKTeX\tex/latex/hyperref\nameref.sty
Package: nameref 2025-06-21 v2.57 Cross-referencing by name of section
 (C:\Users\pleal\AppData\Local\Programs\MiKTeX\tex/latex/refcount\refcount.sty
Package: refcount 2019/12/15 v3.6 Data extraction from label references (HO)
) (C:\Users\pleal\AppData\Local\Programs\MiKTeX\tex/generic/gettitlestring\gettitlestring.sty
Package: gettitlestring 2019/12/15 v1.6 Cleanup title references (HO)
)
\c@section@level=\count516
) (C:\Users\pleal\AppData\Local\Programs\MiKTeX\tex/generic/stringenc\stringenc.sty
Package: stringenc 2019/11/29 v1.12 Convert strings between diff. encodings (HO)
)
\@linkdim=\dimen322
\Hy@linkcounter=\count517
\Hy@pagecounter=\count518
 (C:\Users\pleal\AppData\Local\Programs\MiKTeX\tex/latex/hyperref\pd1enc.def
File: pd1enc.def 2025-07-12 v7.01o Hyperref: PDFDocEncoding definition (HO)
Now handling font encoding PD1 ...
... no UTF-8 mapping file for font encoding PD1
) (C:\Users\pleal\AppData\Local\Programs\MiKTeX\tex/generic/intcalc\intcalc.sty
Package: intcalc 2019/12/15 v1.3 Expandable calculations with integers (HO)
)
\Hy@SavedSpaceFactor=\count519
 (C:\Users\pleal\AppData\Local\Programs\MiKTeX\tex/latex/hyperref\puenc.def
File: puenc.def 2025-07-12 v7.01o Hyperref: PDF Unicode definition (HO)
Now handling font encoding PU ...
... no UTF-8 mapping file for font encoding PU
)
Package hyperref Info: Hyper figures OFF on input line 4195.
Package hyperref Info: Link nesting OFF on input line 4200.
Package hyperref Info: Hyper index ON on input line 4203.
Package hyperref Info: Plain pages OFF on input line 4210.
Package hyperref Info: Backreferencing OFF on input line 4215.
Package hyperref Info: Implicit mode ON; LaTeX internals redefined.
Package hyperref Info: Bookmarks ON on input line 4462.
\c@Hy@tempcnt=\count520
LaTeX Info: Redefining \url on input line 4801.
\XeTeXLinkMargin=\dimen323
 (C:\Users\pleal\AppData\Local\Programs\MiKTeX\tex/generic/bitset\bitset.sty
Package: bitset 2019/12/09 v1.3 Handle bit-vector datatype (HO)
 (C:\Users\pleal\AppData\Local\Programs\MiKTeX\tex/generic/bigintcalc\bigintcalc.sty
Package: bigintcalc 2019/12/15 v1.5 Expandable calculations on big integers (HO)
))
\Fld@menulength=\count521
\Field@Width=\dimen324
\Fld@charsize=\dimen325
Package hyperref Info: Hyper figures OFF on input line 6078.
Package hyperref Info: Link nesting OFF on input line 6083.
Package hyperref Info: Hyper index ON on input line 6086.
Package hyperref Info: backreferencing OFF on input line 6093.
Package hyperref Info: Link coloring OFF on input line 6098.
Package hyperref Info: Link coloring with OCG OFF on input line 6103.
Package hyperref Info: PDF/A mode OFF on input line 6108.
\Hy@abspage=\count522
\c@Item=\count523
\c@Hfootnote=\count524
)
Package hyperref Info: Driver (autodetected): hpdftex.
 (C:\Users\pleal\AppData\Local\Programs\MiKTeX\tex/latex/hyperref\hpdftex.def
File: hpdftex.def 2025-07-12 v7.01o Hyperref driver for pdfTeX
\Fld@listcount=\count525
\c@bookmark@seq@number=\count526
 (C:\Users\pleal\AppData\Local\Programs\MiKTeX\tex/latex/rerunfilecheck\rerunfilecheck.sty
Package: rerunfilecheck 2025-06-21 v1.11 Rerun checks for auxiliary files (HO)
 (C:\Users\pleal\AppData\Local\Programs\MiKTeX\tex/generic/uniquecounter\uniquecounter.sty
Package: uniquecounter 2019/12/15 v1.4 Provide unlimited unique counter (HO)
)
Package uniquecounter Info: New unique counter `rerunfilecheck' on input line 284.
)
\Hy@SectionHShift=\skip127
)
Package hyperref Info: Option `colorlinks' set `true' on input line 63.
 (C:\Users\pleal\AppData\Local\Programs\MiKTeX\tex/latex/microtype\microtype.sty
Package: microtype 2026/03/01 v3.2d Micro-typographical refinements (RS)
\MT@toks=\toks44
\MT@tempbox=\box105
\MT@count=\count527
LaTeX Info: Redefining \noprotrusionifhmode on input line 1084.
LaTeX Info: Redefining \leftprotrusion on input line 1085.
\MT@prot@toks=\toks45
LaTeX Info: Redefining \rightprotrusion on input line 1104.
LaTeX Info: Redefining \textls on input line 1449.
\MT@outer@kern=\dimen326
LaTeX Info: Redefining \microtypecontext on input line 2053.
LaTeX Info: Redefining \textmicrotypecontext on input line 2070.
\MT@listname@count=\count528
 (C:\Users\pleal\AppData\Local\Programs\MiKTeX\tex/latex/microtype\microtype-pdftex.def
File: microtype-pdftex.def 2026/03/01 v3.2d Definitions specific to pdftex (RS)
LaTeX Info: Redefining \lsstyle on input line 944.
LaTeX Info: Redefining \lslig on input line 944.
\MT@outer@space=\skip128
)
Package microtype Info: Loading configuration file microtype.cfg.
 (C:\Users\pleal\AppData\Local\Programs\MiKTeX\tex/latex/microtype\microtype.cfg
File: microtype.cfg 2026/03/01 v3.2d microtype main configuration file (RS)
)
LaTeX Info: Redefining \microtypesetup on input line 3065.
)
Package csquotes Info: Checking for multilingual support...
Package csquotes Info: ... none found.
Package translations Info: No language package found. I am going to use `english' as default language. on input line 87.
Class scrbook Info: loading recommended package `bookmark'.
(scrbook)           Using `bookmark' together with `hyperref' is recommended,
(scrbook)           because of handling of possible bookmark level gaps.
(scrbook)           You can avoid loading `bookmark' with KOMA-Script option
(scrbook)           `bookmarkpackage=false' before \begin{document} and
(scrbook)           you can avoid this message adding:
(scrbook)             \usepackage{bookmark}
(scrbook)           before \begin{document} on input line 87.
 (C:\Users\pleal\AppData\Local\Programs\MiKTeX\tex/latex/bookmark\bookmark.sty
Package: bookmark 2023-12-10 v1.31 PDF bookmarks (HO)
 (C:\Users\pleal\AppData\Local\Programs\MiKTeX\tex/latex/bookmark\bkm-pdftex.def
File: bkm-pdftex.def 2023-12-10 v1.31 bookmark driver for pdfTeX and luaTeX (HO)
\BKM@id=\count529
)) (main.aux (Capitulos/Cap1.aux) (Capitulos/Cap2.aux) (Capitulos/Cap3.aux) (Capitulos/Cap4.aux) (Capitulos/Cap5.aux) (Capitulos/Cap6.aux) (Capitulos/apend1.aux))
\openout1 = `main.aux'.

LaTeX Font Info:    Checking defaults for OML/cmm/m/it on input line 87.
LaTeX Font Info:    ... okay on input line 87.
LaTeX Font Info:    Checking defaults for OMS/cmsy/m/n on input line 87.
LaTeX Font Info:    ... okay on input line 87.
LaTeX Font Info:    Checking defaults for OT1/cmr/m/n on input line 87.
LaTeX Font Info:    ... okay on input line 87.
LaTeX Font Info:    Checking defaults for T1/cmr/m/n on input line 87.
LaTeX Font Info:    ... okay on input line 87.
LaTeX Font Info:    Checking defaults for TS1/cmr/m/n on input line 87.
LaTeX Font Info:    ... okay on input line 87.
LaTeX Font Info:    Checking defaults for OMX/cmex/m/n on input line 87.
LaTeX Font Info:    ... okay on input line 87.
LaTeX Font Info:    Checking defaults for U/cmr/m/n on input line 87.
LaTeX Font Info:    ... okay on input line 87.
LaTeX Font Info:    Checking defaults for PD1/pdf/m/n on input line 87.
LaTeX Font Info:    ... okay on input line 87.
LaTeX Font Info:    Checking defaults for PU/pdf/m/n on input line 87.
LaTeX Font Info:    ... okay on input line 87.
Package scrbase Info: activating english \partname on input line 87.
Package scrbase Info: activating english \chaptername on input line 87.
Package scrbase Info: activating english \appendixname on input line 87.
Package scrbase Info: activating english \figurename on input line 87.
Package scrbase Info: activating english \tablename on input line 87.
Package scrbase Info: activating english \contentsname on input line 87.
Package scrbase Info: activating english \listfigurename on input line 87.
Package scrbase Info: activating english \listtablename on input line 87.
Package scrbase Info: activating english \bibname on input line 87.
Package scrbase Info: activating english \indexname on input line 87.
 (C:\Users\pleal\AppData\Local\Programs\MiKTeX\tex/latex/translations/dicts\translations-basic-dictionary-english.trsl
File: translations-basic-dictionary-english.trsl (english translation file `translations-basic-dictionary')
)
Package translations Info: loading dictionary `translations-basic-dictionary' for `english'. on input line 87.
 (C:\Users\pleal\AppData\Local\Programs\MiKTeX\tex/context/base/mkii\supp-pdf.mkii
[Loading MPS to PDF converter (version 2006.09.02).]
\scratchcounter=\count530
\scratchdimen=\dimen327
\scratchbox=\box106
\nofMPsegments=\count531
\nofMParguments=\count532
\everyMPshowfont=\toks46
\MPscratchCnt=\count533
\MPscratchDim=\dimen328
\MPnumerator=\count534
\makeMPintoPDFobject=\count535
\everyMPtoPDFconversion=\toks47
) (C:\Users\pleal\AppData\Local\Programs\MiKTeX\tex/latex/epstopdf-pkg\epstopdf-base.sty
Package: epstopdf-base 2020-01-24 v2.11 Base part for package epstopdf
Package epstopdf-base Info: Redefining graphics rule for `.eps' on input line 485.
 (C:\Users\pleal\AppData\Local\Programs\MiKTeX\tex/latex/00miktex\epstopdf-sys.cfg
File: epstopdf-sys.cfg 2021/03/18 v2.0 Configuration of epstopdf for MiKTeX
))
Package caption Info: Begin \AtBeginDocument code.
Package caption Info: float package is loaded.
Package caption Info: floatrow package is loaded.
Package caption Info: floatrow package is loaded.
Package caption Info: hyperref package is loaded.
Package caption Info: threeparttable package is loaded.
Package caption Info: End \AtBeginDocument code.

*geometry* driver: auto-detecting
*geometry* detected driver: pdftex
*geometry* verbose mode - [ preamble ] result:
* driver: pdftex
* paper: letterpaper
* layout: <same size as paper>
* layoutoffset:(h,v)=(0.0pt,0.0pt)
* modes: includehead twoside 
* h-part:(L,W,R)=(85.35826pt, 457.80486pt, 71.13188pt)
* v-part:(T,H,B)=(71.13188pt, 652.70622pt, 71.13188pt)
* \paperwidth=614.295pt
* \paperheight=794.96999pt
* \textwidth=457.80486pt
* \textheight=612.95622pt
* \oddsidemargin=13.08827pt
* \evensidemargin=-1.1381pt
* \topmargin=-1.1381pt
* \headheight=18.0pt
* \headsep=21.75pt
* \topskip=12.0pt
* \footskip=50.75pt
* \marginparwidth=115.1803pt
* \marginparsep=12.8401pt
* \columnsep=10.0pt
* \skip\footins=10.8pt plus 4.0pt minus 2.0pt
* \hoffset=0.0pt
* \voffset=0.0pt
* \mag=1000
* \@twocolumnfalse
* \@twosidetrue
* \@mparswitchtrue
* \@reversemarginfalse
* (1in=72.27pt=25.4mm, 1cm=28.453pt)

Package biblatex Info: Trying to load language 'english'...
Package biblatex Info: ... file 'english.lbx' found.
(C:\Users\pleal\AppData\Local\Programs\MiKTeX\tex/latex/biblatex/lbx\english.lbx
File: english.lbx 2025/07/10 v3.21 biblatex localization (PK/MW)
)
Package biblatex Info: Input encoding 'utf8' detected.
Package biblatex Info: Automatic encoding selection.
(biblatex)             Assuming data encoding 'utf8'.
\openout4 = `main.bcf'.

Package biblatex Info: Trying to load bibliographic data...
Package biblatex Info: ... file 'main.bbl' found.
 (main.bbl)
Package biblatex Info: Reference section=0 on input line 87.
Package biblatex Info: Reference segment=0 on input line 87.
Package hyperref Info: Link coloring ON on input line 87.
LaTeX Info: Redefining \microtypecontext on input line 87.
Package microtype Info: Applying patch `item' on input line 87.
Package microtype Info: Applying patch `toc' on input line 87.
Package microtype Info: Applying patch `eqnum' on input line 87.
Package microtype Info: Applying patch `footnote' on input line 87.
Package microtype Info: Applying patch `verbatim' on input line 87.
LaTeX Info: Redefining \microtypesetup on input line 87.
Package microtype Info: Generating PDF output.
Package microtype Info: Character protrusion enabled (level 2).
Package microtype Info: Using default protrusion set `alltext'.
Package microtype Info: No font expansion.
Package microtype Info: No adjustment of tracking.
Package microtype Info: No adjustment of interword spacing.
Package microtype Info: No adjustment of character kerning.
 (C:\Users\pleal\AppData\Local\Programs\MiKTeX\tex/latex/microtype\mt-cmr.cfg
File: mt-cmr.cfg 2013/05/19 v2.2 microtype config. file: Computer Modern Roman (RS)
)
<Imagenes/logo_unal.png, id=6, 346.29375pt x 146.5475pt>
File: Imagenes/logo_unal.png Graphic file (type png)
<use Imagenes/logo_unal.png>
Package pdftex.def Info: Imagenes/logo_unal.png  used on input line 111.
(pdftex.def)             Requested size: 142.26378pt x 60.2056pt.
 [1





{C:/Users/pleal/AppData/Local/MiKTeX/fonts/map/pdftex/pdftex.map} <./Imagenes/logo_unal.png (PNG copy)>] [2


] [3


]
Package microtype Info: Loading generic protrusion settings for font family
(microtype)             `cmss' (encoding: OT1).
(microtype)             For optimal results, create family-specific settings.
(microtype)             See the microtype manual for details.
LaTeX Font Info:    Trying to load font information for U+msa on input line 190.
 (C:\Users\pleal\AppData\Local\Programs\MiKTeX\tex/latex/amsfonts\umsa.fd
File: umsa.fd 2013/01/14 v3.01 AMS symbols A
) (C:\Users\pleal\AppData\Local\Programs\MiKTeX\tex/latex/microtype\mt-msa.cfg
File: mt-msa.cfg 2006/02/04 v1.1 microtype config. file: AMS symbols (a) (RS)
)
LaTeX Font Info:    Trying to load font information for U+msb on input line 190.
 (C:\Users\pleal\AppData\Local\Programs\MiKTeX\tex/latex/amsfonts\umsb.fd
File: umsb.fd 2013/01/14 v3.01 AMS symbols B
) (C:\Users\pleal\AppData\Local\Programs\MiKTeX\tex/latex/microtype\mt-msb.cfg
File: mt-msb.cfg 2005/06/01 v1.0 microtype config. file: AMS symbols (b) (RS)
) [4

]
Overfull \hbox (11.3182pt too wide) in paragraph at lines 208--209
[]\OT1/cmr/m/n/12 A mis compa~neros de la Maestr^^S^^Pa en Es-tad^^S^^Pstica, con quienes com-part^^S^^P este camino acad^^Semico,
 []

[5

]
Package tocbasic Info: character protrusion at toc deactivated on input line 224.
 (main.toc [6

] [7]
Overfull \hbox (1.58777pt too wide) detected at line 248
 []\OT1/cmss/bx/n/12 110
 []

[8]
Overfull \hbox (5.08969pt too wide) in paragraph at lines 306--306
 [][] [][][]\OT1/cmr/m/n/12 Interacci^^Son Con-fig-u-raci^^Son \TS1/cmr/m/n/12 Ö \OT1/cmr/m/n/12 Hor-i-zonte: Het-ero-genei-dad de Degradaci^^Son[][] [][]  
 []


Overfull \hbox (1.58777pt too wide) detected at line 315
 []\OT1/cmss/bx/n/12 201
 []

[9]
Overfull \hbox (1.58777pt too wide) detected at line 395
 []\OT1/cmss/bx/n/12 260
 []


Overfull \hbox (1.58777pt too wide) detected at line 399
 []\OT1/cmss/bx/n/12 264
 []


Overfull \hbox (1.58777pt too wide) detected at line 408
 []\OT1/cmss/bx/n/12 268
 []

)
\tf@toc=\write5
\openout5 = `main.toc'.

 [10]
Package tocbasic Info: character protrusion at lof deactivated on input line 227.
 (main.lof
Overfull \hbox (0.62378pt too wide) in paragraph at lines 7--7
 [][] [][][]\OT1/cmr/m/n/12 Evoluci^^Son de las dis-tribu-ciones pre-dic-ti-vas para Sieve Boot-strap, DeepAR 
 []

[11

]
Overfull \hbox (14.48344pt too wide) in paragraph at lines 30--30
 [][] [][][]\OT1/cmr/m/n/12 Porcentaje de com-para-ciones sig-ni-fica-ti-vas mod-elo CPS por pro-ceso ARIMA 
 []

[12] [13])
\tf@lof=\write6
\openout6 = `main.lof'.

 [14]
Package tocbasic Info: character protrusion at lot deactivated on input line 229.
 (main.lot)
\tf@lot=\write7
\openout7 = `main.lot'.

 [15

] [16


]
\openout2 = `Capitulos/Cap1.aux'.

 (Capitulos/Cap1.tex
chapter 1.
[1


] [2] [3] [4]) [5]
\openout2 = `Capitulos/Cap2.aux'.

 (Capitulos/Cap2.tex
chapter 2.

Overfull \hbox (9.28336pt too wide) in paragraph at lines 10--12
\OT1/cmr/m/n/12 El pron^^Sostico prob-a-bil^^S^^Pstico rep-re-senta un cam-bio de paradigma fun-da-men-tal en la predicci^^Son
 []

[6




]
<./Imagenes/Cap2_prediccion.png, id=661, 785.18344pt x 467.49657pt>
File: ./Imagenes/Cap2_prediccion.png Graphic file (type png)
<use ./Imagenes/Cap2_prediccion.png>
Package pdftex.def Info: ./Imagenes/Cap2_prediccion.png  used on input line 29.
(pdftex.def)             Requested size: 434.91321pt x 258.95006pt.
 [7 <./Imagenes/Cap2_prediccion.png>]
Overfull \hbox (9.67502pt too wide) in paragraph at lines 47--48
\OT1/cmr/m/n/12 La eval-u-aci^^Son rig-urosa del de-sempe~no pre-dic-tivo es fun-da-men-tal para com-parar metodolog^^S^^Pas
 []

[8]
Overfull \hbox (2.77461pt too wide) in paragraph at lines 56--57
\OT1/cmr/m/n/12 La propiedad (\OT1/cmr/m/it/12 pro-pri-ety\OT1/cmr/m/n/12 ) es una car-ac-ter^^S^^Pstica fun-da-men-tal que debe sat-is-facer toda m^^Setrica
 []

[9]
LaTeX Font Info:    Trying to load font information for U+bbm on input line 82.
 (C:\Users\pleal\AppData\Local\Programs\MiKTeX\tex/latex/bbm\ubbm.fd
File: ubbm.fd 1999/03/15 V 1.2 Font definition for bbm font - TH
) [10]
Overfull \hbox (7.7886pt too wide) in paragraph at lines 103--104
[]\OT1/cmr/bx/n/12 Reducci^^Son al er-ror ab-so-luto: \OT1/cmr/m/n/12 Cuando $\OML/cmm/m/it/12 F$ \OT1/cmr/m/n/12 es una dis-tribuci^^Son de-gen-er-ada (predicci^^Son
 []

[11] [12]
Overfull \hbox (13.29008pt too wide) in paragraph at lines 160--161
[]\OT1/cmr/m/n/12 Si los pron^^Sosticos est^^San per-fec-ta-mente cal-i-bra-dos y $\OML/cmm/m/it/12 F[]$ \OT1/cmr/m/n/12 es con-tinua, en-tonces $\OML/cmm/m/it/12 p[] \OMS/cmsy/m/n/12 ^^X []\OT1/cmr/m/n/12 (0\OML/cmm/m/it/12 ; \OT1/cmr/m/n/12 1)$
 []

[13] [14]
Overfull \hbox (5.46179pt too wide) in paragraph at lines 208--209
[]\OT1/cmr/m/n/12 Tradicionalmente, el test de Diebold-Mariano se ha apli-cado uti-lizando la p^^Serdida cuadr^^Satica
 []

[15] [16]
Overfull \hbox (4.01242pt too wide) in paragraph at lines 282--283
\OT1/cmr/m/n/12 Mariano en mues-tras peque~nas es el en-foque de \OT1/cmr/m/it/12 asint^^Sotica de suavizado fijo \OT1/cmr/m/n/12 (fixed-smoothing
 []

[17] [18] [19] [20] [21]
Overfull \hbox (3.98366pt too wide) in paragraph at lines 377--378
[]$\OML/cmm/m/it/12 ^^O$ \OT1/cmr/m/n/12 rep-re-senta el nivel de er-ror nom-i-nal (t^^S^^Ppicamente $\OML/cmm/m/it/12 $ \OT1/cmr/m/n/12 en predicci^^Son con-for-mal est^^Sandar) 
 []

[22] [23] [24]
Overfull \hbox (4.83553pt too wide) in paragraph at lines 435--437
\OT1/cmr/m/n/12 donde $[]$ es la predicci^^Son para $\OML/cmm/m/it/12 y[]$ \OT1/cmr/m/n/12 us-ando m^^S^^Pnimos cuadra-dos so-bre $\OML/cmm/m/it/12 x[]$ \OT1/cmr/m/n/12 con $\OML/cmm/m/it/12 z[]; [] ; z[]$
 []

[25] [26]
<Imagenes/mondrian.png, id=883, 259.97125pt x 194.7275pt>
File: Imagenes/mondrian.png Graphic file (type png)
<use Imagenes/mondrian.png>
Package pdftex.def Info: Imagenes/mondrian.png  used on input line 484.
(pdftex.def)             Requested size: 274.6857pt x 205.75052pt.
 [27 <./Imagenes/mondrian.png>] [28] [29] [30] [31] [32]) [33] [34]
\openout2 = `Capitulos/Cap3.aux'.

 (Capitulos/Cap3.tex
chapter 3.
[35




] [36] [37]
Overfull \hbox (7.90001pt too wide) in paragraph at lines 85--86
[]\OT1/cmr/m/n/12 Adicionalmente, con-siderando que cada con-fig-u-raci^^Son se eval^^Sua en un hor-i-zonte de predicci^^Son
 []

[38]
Overfull \hbox (34.54555pt too wide) in paragraph at lines 108--109
[]\OT1/cmr/m/n/12 Este es-quema em-ula una situaci^^Son op-er-a-tiva donde el anal-ista ac-tu-al-iza peri^^Sodicamente
 []

[39] [40] [41]
Overfull \hbox (34.20403pt too wide) in paragraph at lines 211--212
\OT1/cmr/m/n/12 Un pro-ceso au-tor-re-gre-sivo in-te-grado de me-dia m^^Sovil de ^^Sordenes $(\OML/cmm/m/it/12 p; d; q\OT1/cmr/m/n/12 )$, de-no-tado ARIMA$(\OML/cmm/m/it/12 p; d; q\OT1/cmr/m/n/12 )$,
 []

[42] [43] [44] [45] [46] [47] [48] [49] [50]
Overfull \hbox (1.10483pt too wide) in paragraph at lines 492--493
[] \OT1/cmss/bx/n/12 Adaptaci^^Son 3: Con-ge-lamiento Post-Optimizaci^^Son[][] \OT1/cmr/m/n/12 A difer-en-cia de im-ple-menta-ciones
 []


Overfull \hbox (32.67107pt too wide) in paragraph at lines 497--507
 [][] 
 []

[51]
LaTeX Font Info:    Font shape `OT1/cmtt/bx/n' in size <12> not available
(Font)              Font shape `OT1/cmtt/m/n' tried instead on input line 511.
 [52]
Overfull \hbox (14.53403pt too wide) in paragraph at lines 548--549
\OT1/cmr/m/n/12 cuadra-dos or-di-nar-ios so-bre la se-rie hist^^Sorica, obte-niendo co-e-fi-cientes $[] = ([]\OML/cmm/m/it/12 ; []; [] ; []\OT1/cmr/m/n/12 )$. 
 []

[53]
Overfull \hbox (8.72188pt too wide) in paragraph at lines 579--580
[] \OT1/cmss/bx/n/12 Adaptaci^^Son 1: Se-lecci^^Son de Or-den Basada en Val-i-daci^^Son[][] \OT1/cmr/m/n/12 Mien-tras la teor^^S^^Pa asint^^Sotica
 []

[54] [55]
Overfull \hbox (31.26163pt too wide) in paragraph at lines 638--639
\OT1/cmr/m/n/12 menta en el prin-ci-pio de in-ter-cam-bi-a-bil-i-dad: dada una se-cuen-cia de pares $(\OML/cmm/m/it/12 x[]; y[]\OT1/cmr/m/n/12 )\OML/cmm/m/it/12 ; [] ; \OT1/cmr/m/n/12 (\OML/cmm/m/it/12 x[]; y[]\OT1/cmr/m/n/12 )$
 []

[56] [57]
Overfull \hbox (13.83414pt too wide) in paragraph at lines 704--705
\OT1/cmr/m/n/12 car-ac-ter^^S^^Psticas $\OML/cmm/m/it/12 X[]$ \OT1/cmr/m/n/12 in-de-pen-di-entes. En se-ries tem-po-rales, se con-struyen ob-je-tos din^^Samicamente
 []

[58] [59] [60] [61] [62] [63] [64]
Overfull \hbox (9.43265pt too wide) in paragraph at lines 938--939
[] \OT1/cmss/bx/n/12 Con-ge-lamiento de Hiper-par^^Sametros[][] \OT1/cmr/m/n/12 Una vez op-ti-mizada, la con-fig-u-raci^^Son se-lec-cionada
 []

[65] [66] [67] [68]
Overfull \hbox (5.98102pt too wide) in paragraph at lines 1062--1063
[] \OT1/cmss/bx/n/12 Adaptaci^^Son 3: Pro-to-colo de Con-ge-lamiento Par-cial[][] \OT1/cmr/m/n/12 El m^^Setodo al-ma-cena ^^Sunicamente: 
 []


Overfull \hbox (57.61661pt too wide) in paragraph at lines 1073--1085
 [][] 
 []

[69] [70] [71] [72] [73] [74] [75]
Overfull \hbox (15.9161pt too wide) in paragraph at lines 1316--1317
[] \OT1/cmss/bx/n/12 Op-ti-mizaci^^Son de Hiper-par^^Sametros[][] \OT1/cmr/bx/n/12 Es-trate-gia de con-ge-lamiento: \OT1/cmr/m/n/12 El m^^Setodo definido
 []

[76]
Overfull \hbox (5.35019pt too wide) in paragraph at lines 1370--1371
[] \OT1/cmss/bx/n/12 Mo-ti-vaci^^Son: L^^S^^Pmites del Par-ti-cionamiento Uni-di-men-sional[][] \OT1/cmr/m/n/12 El MCPS est^^Sandar asume
 []

[77]
Overfull \hbox (8.6653pt too wide) in paragraph at lines 1380--1381
\OT1/cmr/m/n/12 braci^^Son, per-mi-tiendo que la in-cer-tidum-bre var^^S^^Pe si-mult^^Saneamente seg^^Sun el nivel de predicci^^Son
 []

[78]
Overfull \hbox (50.45358pt too wide) in paragraph at lines 1426--1427
[]\OT1/cmr/m/n/12 Esta par-tici^^Son gen-era $\OML/cmm/m/it/12 B[] \OMS/cmsy/m/n/12 ^^B \OML/cmm/m/it/12 B[]$ \OT1/cmr/m/n/12 cel-das mu-tu-a-mente ex-cluyentes y ex-haus-ti-vas: $[][] [][] \OMS/cmsy/m/n/12 D[] \OT1/cmr/m/n/12 =
 []

[79]
Overfull \hbox (5.00595pt too wide) in paragraph at lines 1483--1484
\OT1/cmr/m/n/12 predicci^^Son ac-tual $[]$, pero re-stringiendo ex-clu-si-va-mente a ob-ser-va-ciones del mismo r^^Segimen
 []

[80] [81] [82] [83]
Overfull \hbox (7.12253pt too wide) in paragraph at lines 1644--1645
[]\OT1/cmr/m/n/12 donde $\OML/cmm/m/it/12 ^^Z \OMS/cmsy/m/n/12 2 \OT1/cmr/m/n/12 (0\OML/cmm/m/it/12 ; \OT1/cmr/m/n/12 1)$ es el par^^Sametro de de-caimiento. Los pe-sos se nor-mal-izan: $[] = \OML/cmm/m/it/12 w[]= [][] w[]$\OT1/cmr/m/n/12 .
 []

[84] [85] [86] [87]
Overfull \hbox (13.76576pt too wide) in paragraph at lines 1786--1787
[] \OT1/cmss/bx/n/12 Ex-pli-caci^^Son Te^^Sorica del Mod-elo[][] \OT1/cmr/m/n/12 El \OT1/cmr/m/it/12 En-sem-ble Con-for-mal-ized Quan-tile Re-gres-sion \OT1/cmr/m/n/12 (EnCQR-
 []


Overfull \hbox (3.34314pt too wide) in paragraph at lines 1792--1793
[]\OT1/cmr/m/n/12 Por otra parte, los m^^Setodos de predicci^^Son con-for-mal est^^Sandar garan-ti-zan cober-tura marginal
 []

[88] [89]
Overfull \hbox (9.60518pt too wide) in paragraph at lines 1851--1852
[]\OT1/cmr/m/n/12 donde $\OML/cmm/m/it/12 ^^^\OT1/cmr/m/n/12 (\OMS/cmsy/m/n/12 ^^A\OT1/cmr/m/n/12 )$ y $^^H(\OMS/cmsy/m/n/12 ^^A\OT1/cmr/m/n/12 )$ son la den-si-dad y dis-tribuci^^Son acu-mu-lada Nor-mal est^^Sandar. Los par^^Sametros
 []

[90] [91] [92] [93] [94]
Overfull \hbox (1.93784pt too wide) in paragraph at lines 1998--1999
\OT1/cmr/m/n/12 metodol^^Sogica m^^Sas pro-funda al in-tro-ducir es-trat-i-fi-caci^^Son bidi-men-sional que in-cor-pora volatil-
 []

[95]
Overfull \hbox (0.73206pt too wide) in paragraph at lines 2005--2006
[]\OT1/cmr/m/n/12 La in-no-vaci^^Son fun-da-men-tal rad-ica en la filosof^^S^^Pa de "dis-tribuci^^Son hist^^Sorico-emp^^S^^Prica", donde
 []

[96] [97] [98] [99] [100] [101]
Overfull \hbox (9.93613pt too wide) in paragraph at lines 2186--2187
\OT1/cmr/m/n/12 Esta sim-u-laci^^Son car-ac-ter-iza la tasa de con-ver-gen-cia de las dis-tribu-ciones pre-dic-ti-vas emp^^S^^Pricas
 []

[102] [103] [104] [105]
Overfull \hbox (6.417pt too wide) in paragraph at lines 2313--2314
\OT1/cmr/m/n/12 Se eval^^Suan ^^Sunicamente 4 mod-e-los rep-re-sen-ta-tivos (LSPM, DeepAR, Sieve Boot-strap, MCPS)
 []

[106]
Underfull \hbox (badness 10000) in paragraph at lines 2369--2369
[]|\OT1/cmr/m/n/10.95 Modalidad (SIN[]DIFF vs
 []


Underfull \hbox (badness 10000) in paragraph at lines 2373--2373
[]|\OT1/cmr/m/n/10.95 Orden de in-te-graci^^Son $\OML/cmm/m/it/10.95 d \OMS/cmsy/m/n/10.95 2
 []


Underfull \hbox (badness 10000) in paragraph at lines 2385--2385
[]|\OT1/cmr/m/n/10.95 Horizonte de predicci^^Son
 []

[107]
Overfull \hbox (4.38939pt too wide) in paragraph at lines 2402--2403
\OT1/cmr/m/n/12 (Block Boot-strap-ping, Sieve Boot-strap, LSPM, LSPMW, AREPD, MCPS, AV-MCPS,
 []

[108]) [109]
\openout2 = `Capitulos/Cap4.aux'.

 (Capitulos/Cap4.tex
chapter 4.

Overfull \hbox (1.10991pt too wide) in paragraph at lines 11--12
\OT1/cmr/m/n/12 eval^^Sua 9 m^^Setodos bajo 420 con-fig-u-ra-ciones ^^Sunicas dis-tribuidas en-tre tres es-ce-nar-ios (ARMA,
 []

[110




]
<Imagenes/figura_tesis_ecrps.png, id=1768, 708.0051pt x 1547.5416pt>
File: Imagenes/figura_tesis_ecrps.png Graphic file (type png)
<use Imagenes/figura_tesis_ecrps.png>
Package pdftex.def Info: Imagenes/figura_tesis_ecrps.png  used on input line 15.
(pdftex.def)             Requested size: 274.6857pt x 600.39821pt.


LaTeX Warning: Float too large for page by 40.94197pt on input line 18.

<Imagenes/rendimiento_por_escenario.png, id=1770, 1004.553pt x 570.933pt>
File: Imagenes/rendimiento_por_escenario.png Graphic file (type png)
<use Imagenes/rendimiento_por_escenario.png>
Package pdftex.def Info: Imagenes/rendimiento_por_escenario.png  used on input line 30.
(pdftex.def)             Requested size: 457.80486pt x 260.19307pt.
<Imagenes/2.1_zscore_config.png, id=1772, 932.5239pt x 570.933pt>
File: Imagenes/2.1_zscore_config.png Graphic file (type png)
<use Imagenes/2.1_zscore_config.png>
Package pdftex.def Info: Imagenes/2.1_zscore_config.png  used on input line 42.
(pdftex.def)             Requested size: 549.36443pt x 336.35097pt.

Overfull \hbox (91.55957pt too wide) in paragraph at lines 42--43
 [][] 
 []


Overfull \hbox (2.01291pt too wide) in paragraph at lines 47--48
\OT1/cmr/m/n/12 Boot-strap, LSPM y LSPMW ex-hiben la mayor es-ta-bil-i-dad, al-can-zando pun-ta-jes Z m^^Saximos
 []

[111] [112 <./Imagenes/figura_tesis_ecrps.png>]
<Imagenes/2.1.a_zscore_config.png, id=1793, 945.0507pt x 570.933pt>
File: Imagenes/2.1.a_zscore_config.png Graphic file (type png)
<use Imagenes/2.1.a_zscore_config.png>
Package pdftex.def Info: Imagenes/2.1.a_zscore_config.png  used on input line 56.
(pdftex.def)             Requested size: 457.80486pt x 276.57112pt.
<Imagenes/2.1.b_zscore_config.png, id=1794, 945.0507pt x 570.933pt>
File: Imagenes/2.1.b_zscore_config.png Graphic file (type png)
<use Imagenes/2.1.b_zscore_config.png>
Package pdftex.def Info: Imagenes/2.1.b_zscore_config.png  used on input line 63.
(pdftex.def)             Requested size: 457.80486pt x 276.57112pt.


LaTeX Warning: Float too large for page by 19.11235pt on input line 69.

<Imagenes/2.1.c_zscore_config.png, id=1795, 945.0507pt x 570.933pt>
File: Imagenes/2.1.c_zscore_config.png Graphic file (type png)
<use Imagenes/2.1.c_zscore_config.png>
Package pdftex.def Info: Imagenes/2.1.c_zscore_config.png  used on input line 76.
(pdftex.def)             Requested size: 457.80486pt x 276.57112pt.
[113 <./Imagenes/rendimiento_por_escenario.png>] [114 <./Imagenes/2.1_zscore_config.png>] [115 <./Imagenes/2.1.a_zscore_config.png> <./Imagenes/2.1.b_zscore_config.png>] [116 <./Imagenes/2.1.c_zscore_config.png>]
<Imagenes/3.1_zscore_dist.png, id=1821, 945.0507pt x 570.933pt>
File: Imagenes/3.1_zscore_dist.png Graphic file (type png)
<use Imagenes/3.1_zscore_dist.png>
Package pdftex.def Info: Imagenes/3.1_zscore_dist.png  used on input line 90.
(pdftex.def)             Requested size: 457.80486pt x 276.57112pt.
<Imagenes/3.1.a_zscore_dist.png, id=1827, 945.0507pt x 570.933pt>
File: Imagenes/3.1.a_zscore_dist.png Graphic file (type png)
<use Imagenes/3.1.a_zscore_dist.png>
Package pdftex.def Info: Imagenes/3.1.a_zscore_dist.png  used on input line 100.
(pdftex.def)             Requested size: 457.80486pt x 276.57112pt.
<Imagenes/3.1.b_zscore_dist.png, id=1828, 945.0507pt x 570.933pt>
File: Imagenes/3.1.b_zscore_dist.png Graphic file (type png)
<use Imagenes/3.1.b_zscore_dist.png>
Package pdftex.def Info: Imagenes/3.1.b_zscore_dist.png  used on input line 107.
(pdftex.def)             Requested size: 457.80486pt x 276.57112pt.


LaTeX Warning: Float too large for page by 19.11235pt on input line 113.

[117 <./Imagenes/3.1_zscore_dist.png>]
<Imagenes/3.1.c_zscore_dist.png, id=1836, 945.0507pt x 570.933pt>
File: Imagenes/3.1.c_zscore_dist.png Graphic file (type png)
<use Imagenes/3.1.c_zscore_dist.png>
Package pdftex.def Info: Imagenes/3.1.c_zscore_dist.png  used on input line 120.
(pdftex.def)             Requested size: 457.80486pt x 276.57112pt.
<Imagenes/4.1_evolucion_var.png, id=1838, 860.013pt x 498.663pt>
File: Imagenes/4.1_evolucion_var.png Graphic file (type png)
<use Imagenes/4.1_evolucion_var.png>
Package pdftex.def Info: Imagenes/4.1_evolucion_var.png  used on input line 134.
(pdftex.def)             Requested size: 457.80486pt x 265.44669pt.
<Imagenes/4.1.a_evolucion_var.png, id=1844, 860.013pt x 498.663pt>
File: Imagenes/4.1.a_evolucion_var.png Graphic file (type png)
<use Imagenes/4.1.a_evolucion_var.png>
Package pdftex.def Info: Imagenes/4.1.a_evolucion_var.png  used on input line 145.
(pdftex.def)             Requested size: 457.80486pt x 265.44669pt.
<Imagenes/4.1.b_evolucion_var.png, id=1845, 860.013pt x 498.663pt>
File: Imagenes/4.1.b_evolucion_var.png Graphic file (type png)
<use Imagenes/4.1.b_evolucion_var.png>
Package pdftex.def Info: Imagenes/4.1.b_evolucion_var.png  used on input line 152.
(pdftex.def)             Requested size: 457.80486pt x 265.44669pt.
<Imagenes/4.1.c_evolucion_var.png, id=1846, 860.013pt x 498.663pt>
File: Imagenes/4.1.c_evolucion_var.png Graphic file (type png)
<use Imagenes/4.1.c_evolucion_var.png>
Package pdftex.def Info: Imagenes/4.1.c_evolucion_var.png  used on input line 165.
(pdftex.def)             Requested size: 457.80486pt x 265.44669pt.
<Imagenes/6.1_robustez_coeficiente_variacion.png, id=1848, 860.013pt x 570.933pt>
File: Imagenes/6.1_robustez_coeficiente_variacion.png Graphic file (type png)
<use Imagenes/6.1_robustez_coeficiente_variacion.png>
Package pdftex.def Info: Imagenes/6.1_robustez_coeficiente_variacion.png  used on input line 181.
(pdftex.def)             Requested size: 457.80486pt x 303.91722pt.
 [118] [119 <./Imagenes/3.1.a_zscore_dist.png> <./Imagenes/3.1.b_zscore_dist.png>] [120 <./Imagenes/3.1.c_zscore_dist.png>]
<Imagenes/6.4_matriz_significancia_porcentual.png, id=1866, 1069.8369pt x 1004.553pt>
File: Imagenes/6.4_matriz_significancia_porcentual.png Graphic file (type png)
<use Imagenes/6.4_matriz_significancia_porcentual.png>
Package pdftex.def Info: Imagenes/6.4_matriz_significancia_porcentual.png  used on input line 198.
(pdftex.def)             Requested size: 457.80486pt x 429.86473pt.
 [121 <./Imagenes/4.1_evolucion_var.png>] [122 <./Imagenes/4.1.a_evolucion_var.png> <./Imagenes/4.1.b_evolucion_var.png>] [123 <./Imagenes/4.1.c_evolucion_var.png>] [124 <./Imagenes/6.1_robustez_coeficiente_variacion.png>] [125 <./Imagenes/6.4_matriz_significancia_porcentual.png>]
<Imagenes/6.4.a_matriz_significancia_porcentual.png, id=1897, 1069.8369pt x 1004.553pt>
File: Imagenes/6.4.a_matriz_significancia_porcentual.png Graphic file (type png)
<use Imagenes/6.4.a_matriz_significancia_porcentual.png>
Package pdftex.def Info: Imagenes/6.4.a_matriz_significancia_porcentual.png  used on input line 211.
(pdftex.def)             Requested size: 457.80486pt x 429.86473pt.
<Imagenes/6.4.b_matriz_significancia_porcentual.png, id=1898, 1069.8369pt x 1004.553pt>
File: Imagenes/6.4.b_matriz_significancia_porcentual.png Graphic file (type png)
<use Imagenes/6.4.b_matriz_significancia_porcentual.png>
Package pdftex.def Info: Imagenes/6.4.b_matriz_significancia_porcentual.png  used on input line 219.
(pdftex.def)             Requested size: 457.80486pt x 429.86473pt.
<Imagenes/6.4.c_matriz_significancia_porcentual.png, id=1899, 1069.8369pt x 1004.553pt>
File: Imagenes/6.4.c_matriz_significancia_porcentual.png Graphic file (type png)
<use Imagenes/6.4.c_matriz_significancia_porcentual.png>
Package pdftex.def Info: Imagenes/6.4.c_matriz_significancia_porcentual.png  used on input line 227.
(pdftex.def)             Requested size: 457.80486pt x 429.86473pt.
 [126] [127 <./Imagenes/6.4.a_matriz_significancia_porcentual.png>] [128 <./Imagenes/6.4.b_matriz_significancia_porcentual.png>] [129 <./Imagenes/6.4.c_matriz_significancia_porcentual.png>] [130]
<Imagenes/Sim1/1.1_barras_ecrps_valores.png, id=1932, 867.24pt x 433.62pt>
File: Imagenes/Sim1/1.1_barras_ecrps_valores.png Graphic file (type png)
<use Imagenes/Sim1/1.1_barras_ecrps_valores.png>
Package pdftex.def Info: Imagenes/Sim1/1.1_barras_ecrps_valores.png  used on input line 266.
(pdftex.def)             Requested size: 457.80486pt x 228.90442pt.
 [131 <./Imagenes/Sim1/1.1_barras_ecrps_valores.png>]
<Imagenes/Sim1/1.2_mejora_porcentual_valores.png, id=1940, 722.7pt x 578.16pt>
File: Imagenes/Sim1/1.2_mejora_porcentual_valores.png Graphic file (type png)
<use Imagenes/Sim1/1.2_mejora_porcentual_valores.png>
Package pdftex.def Info: Imagenes/Sim1/1.2_mejora_porcentual_valores.png  used on input line 286.
(pdftex.def)             Requested size: 366.24527pt x 292.99625pt.

Overfull \hbox (11.69232pt too wide) in paragraph at lines 294--296
\OT1/cmr/m/n/12 EnCQR-LSTM) pre-sen-tan de-pen-den-cia sus-tan-cial; m^^Setodos con-for-males de cuan-tiles (MCPS,
 []

[132] [133 <./Imagenes/Sim1/1.2_mejora_porcentual_valores.png>]
<Imagenes/Sim1/3_heatmap_modelo_config.png, id=1954, 867.24pt x 578.16pt>
File: Imagenes/Sim1/3_heatmap_modelo_config.png Graphic file (type png)
<use Imagenes/Sim1/3_heatmap_modelo_config.png>
Package pdftex.def Info: Imagenes/Sim1/3_heatmap_modelo_config.png  used on input line 334.
(pdftex.def)             Requested size: 457.80486pt x 305.2059pt.
 [134] [135 <./Imagenes/Sim1/3_heatmap_modelo_config.png>]
<Imagenes/Sim1/4_heatmap_modelo_dist.png, id=1966, 722.7pt x 578.16pt>
File: Imagenes/Sim1/4_heatmap_modelo_dist.png Graphic file (type png)
<use Imagenes/Sim1/4_heatmap_modelo_dist.png>
Package pdftex.def Info: Imagenes/Sim1/4_heatmap_modelo_dist.png  used on input line 343.
(pdftex.def)             Requested size: 457.80486pt x 366.24532pt.
 [136 <./Imagenes/Sim1/4_heatmap_modelo_dist.png>]
Overfull \hbox (0.95428pt too wide) in paragraph at lines 358--359
[]\OT1/cmr/bx/n/12 Sieve Boot-strap es intr^^S^^Pnsecamente ro-busto a no esta-cionar-iedad: \OT1/cmr/m/n/12 Su mecan-
 []

[137] [138]
<Imagenes/Sim2/1_MEJORA_PORCENTUAL_POR_D.png, id=1988, 1079.232pt x 860.013pt>
File: Imagenes/Sim2/1_MEJORA_PORCENTUAL_POR_D.png Graphic file (type png)
<use Imagenes/Sim2/1_MEJORA_PORCENTUAL_POR_D.png>
Package pdftex.def Info: Imagenes/Sim2/1_MEJORA_PORCENTUAL_POR_D.png  used on input line 404.
(pdftex.def)             Requested size: 457.80486pt x 364.81174pt.
 [139] [140 <./Imagenes/Sim2/1_MEJORA_PORCENTUAL_POR_D.png>] [141]
<Imagenes/Sim2/2_SENSIBILIDAD_MODELOS_POR_D.png, id=2007, 1069.8369pt x 860.013pt>
File: Imagenes/Sim2/2_SENSIBILIDAD_MODELOS_POR_D.png Graphic file (type png)
<use Imagenes/Sim2/2_SENSIBILIDAD_MODELOS_POR_D.png>
Package pdftex.def Info: Imagenes/Sim2/2_SENSIBILIDAD_MODELOS_POR_D.png  used on input line 438.
(pdftex.def)             Requested size: 457.80486pt x 368.01369pt.
 [142 <./Imagenes/Sim2/2_SENSIBILIDAD_MODELOS_POR_D.png>]
<Imagenes/Sim2/3_HEATMAP_PCT_SIGNIFICANCIA_MCPS.png, id=2015, 932.0421pt x 570.933pt>
File: Imagenes/Sim2/3_HEATMAP_PCT_SIGNIFICANCIA_MCPS.png Graphic file (type png)
<use Imagenes/Sim2/3_HEATMAP_PCT_SIGNIFICANCIA_MCPS.png>
Package pdftex.def Info: Imagenes/Sim2/3_HEATMAP_PCT_SIGNIFICANCIA_MCPS.png  used on input line 461.
(pdftex.def)             Requested size: 457.80486pt x 280.43042pt.
<Imagenes/Sim2/3_HEATMAP_PCT_SIGNIFICANCIA_AV_MCPS.png, id=2016, 932.0421pt x 570.933pt>
File: Imagenes/Sim2/3_HEATMAP_PCT_SIGNIFICANCIA_AV_MCPS.png Graphic file (type png)
<use Imagenes/Sim2/3_HEATMAP_PCT_SIGNIFICANCIA_AV_MCPS.png>
Package pdftex.def Info: Imagenes/Sim2/3_HEATMAP_PCT_SIGNIFICANCIA_AV_MCPS.png  used on input line 467.
(pdftex.def)             Requested size: 457.80486pt x 280.43042pt.


LaTeX Warning: Float too large for page by 27.10458pt on input line 473.

<Imagenes/Sim2/3_HEATMAP_PCT_SIGNIFICANCIA_LSPM.png, id=2017, 932.0421pt x 570.933pt>
File: Imagenes/Sim2/3_HEATMAP_PCT_SIGNIFICANCIA_LSPM.png Graphic file (type png)
<use Imagenes/Sim2/3_HEATMAP_PCT_SIGNIFICANCIA_LSPM.png>
Package pdftex.def Info: Imagenes/Sim2/3_HEATMAP_PCT_SIGNIFICANCIA_LSPM.png  used on input line 479.
(pdftex.def)             Requested size: 457.80486pt x 280.43042pt.
<Imagenes/Sim2/3_HEATMAP_PCT_SIGNIFICANCIA_LSPMW.png, id=2018, 932.0421pt x 570.933pt>
File: Imagenes/Sim2/3_HEATMAP_PCT_SIGNIFICANCIA_LSPMW.png Graphic file (type png)
<use Imagenes/Sim2/3_HEATMAP_PCT_SIGNIFICANCIA_LSPMW.png>
Package pdftex.def Info: Imagenes/Sim2/3_HEATMAP_PCT_SIGNIFICANCIA_LSPMW.png  used on input line 485.
(pdftex.def)             Requested size: 457.80486pt x 280.43042pt.

LaTeX Warning: Float too large for page by 27.10458pt on input line 490.

<Imagenes/Sim2/3_HEATMAP_PCT_SIGNIFICANCIA_Sieve_Bootstrap.png, id=2019, 932.0421pt x 570.933pt>
File: Imagenes/Sim2/3_HEATMAP_PCT_SIGNIFICANCIA_Sieve_Bootstrap.png Graphic file (type png)
<use Imagenes/Sim2/3_HEATMAP_PCT_SIGNIFICANCIA_Sieve_Bootstrap.png>
Package pdftex.def Info: Imagenes/Sim2/3_HEATMAP_PCT_SIGNIFICANCIA_Sieve_Bootstrap.png  used on input line 497.
(pdftex.def)             Requested size: 457.80486pt x 280.43042pt.
[143] [144 <./Imagenes/Sim2/3_HEATMAP_PCT_SIGNIFICANCIA_MCPS.png> <./Imagenes/Sim2/3_HEATMAP_PCT_SIGNIFICANCIA_AV_MCPS.png>] [145 <./Imagenes/Sim2/3_HEATMAP_PCT_SIGNIFICANCIA_LSPM.png> <./Imagenes/Sim2/3_HEATMAP_PCT_SIGNIFICANCIA_LSPMW.png>] [146 <./Imagenes/Sim2/3_HEATMAP_PCT_SIGNIFICANCIA_Sieve_Bootstrap.png>] [147] [148]
Overfull \hbox (9.93613pt too wide) in paragraph at lines 536--537
\OT1/cmr/m/n/12 Esta sim-u-laci^^Son car-ac-ter-iza la tasa de con-ver-gen-cia de las dis-tribu-ciones pre-dic-ti-vas emp^^S^^Pricas
 []

<Imagenes/Sim3/heatmap_zscore_General.png, id=2060, 702.2235pt x 568.7649pt>
File: Imagenes/Sim3/heatmap_zscore_General.png Graphic file (type png)
<use Imagenes/Sim3/heatmap_zscore_General.png>
Package pdftex.def Info: Imagenes/Sim3/heatmap_zscore_General.png  used on input line 550.
(pdftex.def)             Requested size: 457.80486pt x 370.79498pt.
[149] [150 <./Imagenes/Sim3/heatmap_zscore_General.png>]
<Imagenes/Sim3/heatmap_zscore_Lineal_Estacionario_ARMA.png, id=2073, 702.2235pt x 568.7649pt>
File: Imagenes/Sim3/heatmap_zscore_Lineal_Estacionario_ARMA.png Graphic file (type png)
<use Imagenes/Sim3/heatmap_zscore_Lineal_Estacionario_ARMA.png>
Package pdftex.def Info: Imagenes/Sim3/heatmap_zscore_Lineal_Estacionario_ARMA.png  used on input line 577.
(pdftex.def)             Requested size: 366.24527pt x 296.63599pt.
<Imagenes/Sim3/heatmap_zscore_Lineal_No_Estacionario_ARIMA.png, id=2074, 702.2235pt x 568.7649pt>
File: Imagenes/Sim3/heatmap_zscore_Lineal_No_Estacionario_ARIMA.png Graphic file (type png)
<use Imagenes/Sim3/heatmap_zscore_Lineal_No_Estacionario_ARIMA.png>
Package pdftex.def Info: Imagenes/Sim3/heatmap_zscore_Lineal_No_Estacionario_ARIMA.png  used on input line 584.
(pdftex.def)             Requested size: 366.24527pt x 296.63599pt.


LaTeX Warning: Float too large for page by 59.24208pt on input line 590.

<Imagenes/Sim3/heatmap_zscore_No_lineal_Estacionario_SETAR.png, id=2075, 702.2235pt x 568.7649pt>
File: Imagenes/Sim3/heatmap_zscore_No_lineal_Estacionario_SETAR.png Graphic file (type png)
<use Imagenes/Sim3/heatmap_zscore_No_lineal_Estacionario_SETAR.png>
Package pdftex.def Info: Imagenes/Sim3/heatmap_zscore_No_lineal_Estacionario_SETAR.png  used on input line 597.
(pdftex.def)             Requested size: 366.24527pt x 296.63599pt.
[151] [152 <./Imagenes/Sim3/heatmap_zscore_Lineal_Estacionario_ARMA.png> <./Imagenes/Sim3/heatmap_zscore_Lineal_No_Estacionario_ARIMA.png>] [153 <./Imagenes/Sim3/heatmap_zscore_No_lineal_Estacionario_SETAR.png>] [154]
<Imagenes/Sim3/mejora_relativa_General.png, id=2101, 855.4359pt x 496.4949pt>
File: Imagenes/Sim3/mejora_relativa_General.png Graphic file (type png)
<use Imagenes/Sim3/mejora_relativa_General.png>
Package pdftex.def Info: Imagenes/Sim3/mejora_relativa_General.png  used on input line 624.
(pdftex.def)             Requested size: 457.80486pt x 265.71684pt.
 [155 <./Imagenes/Sim3/mejora_relativa_General.png>]
<Imagenes/Sim3/mejora_relativa_Lineal_Estacionario_ARMA.png, id=2110, 855.6768pt x 496.4949pt>
File: Imagenes/Sim3/mejora_relativa_Lineal_Estacionario_ARMA.png Graphic file (type png)
<use Imagenes/Sim3/mejora_relativa_Lineal_Estacionario_ARMA.png>
Package pdftex.def Info: Imagenes/Sim3/mejora_relativa_Lineal_Estacionario_ARMA.png  used on input line 644.
(pdftex.def)             Requested size: 457.80486pt x 265.63351pt.
<Imagenes/Sim3/mejora_relativa_Lineal_No_Estacionario_ARIMA.png, id=2111, 855.4359pt x 496.4949pt>
File: Imagenes/Sim3/mejora_relativa_Lineal_No_Estacionario_ARIMA.png Graphic file (type png)
<use Imagenes/Sim3/mejora_relativa_Lineal_No_Estacionario_ARIMA.png>
Package pdftex.def Info: Imagenes/Sim3/mejora_relativa_Lineal_No_Estacionario_ARIMA.png  used on input line 651.
(pdftex.def)             Requested size: 457.80486pt x 265.71684pt.
<Imagenes/Sim3/mejora_relativa_No_lineal_Estacionario_SETAR.png, id=2112, 855.6768pt x 496.4949pt>
File: Imagenes/Sim3/mejora_relativa_No_lineal_Estacionario_SETAR.png Graphic file (type png)
<use Imagenes/Sim3/mejora_relativa_No_lineal_Estacionario_SETAR.png>
Package pdftex.def Info: Imagenes/Sim3/mejora_relativa_No_lineal_Estacionario_SETAR.png  used on input line 665.
(pdftex.def)             Requested size: 457.80486pt x 265.63351pt.
 [156] [157 <./Imagenes/Sim3/mejora_relativa_Lineal_Estacionario_ARMA.png> <./Imagenes/Sim3/mejora_relativa_Lineal_No_Estacionario_ARIMA.png>] [158 <./Imagenes/Sim3/mejora_relativa_No_lineal_Estacionario_SETAR.png>] [159]
<Imagenes/Sim3/heatmap_ecrps_significancia_General.png, id=2138, 914.4564pt x 351.714pt>
File: Imagenes/Sim3/heatmap_ecrps_significancia_General.png Graphic file (type png)
<use Imagenes/Sim3/heatmap_ecrps_significancia_General.png>
Package pdftex.def Info: Imagenes/Sim3/heatmap_ecrps_significancia_General.png  used on input line 690.
(pdftex.def)             Requested size: 457.80486pt x 176.08197pt.
 [160 <./Imagenes/Sim3/heatmap_ecrps_significancia_General.png>]
Overfull \hbox (4.62039pt too wide) in paragraph at lines 701--702
[]\OT1/cmr/bx/n/12 Patr^^Son 3: Sig-nif-i-can-cia Mod-er-ada Es-table (EnCQR-LSTM). \OT1/cmr/m/n/12 Este m^^Setodo mantiene
 []

<Imagenes/Sim3/heatmap_ecrps_significancia_Lineal_Estacionario_ARMA.png, id=2147, 913.9746pt x 351.714pt>
File: Imagenes/Sim3/heatmap_ecrps_significancia_Lineal_Estacionario_ARMA.png Graphic file (type png)
<use Imagenes/Sim3/heatmap_ecrps_significancia_Lineal_Estacionario_ARMA.png>
Package pdftex.def Info: Imagenes/Sim3/heatmap_ecrps_significancia_Lineal_Estacionario_ARMA.png  used on input line 713.
(pdftex.def)             Requested size: 412.02156pt x 158.5489pt.
<Imagenes/Sim3/heatmap_ecrps_significancia_Lineal_No_Estacionario_ARIMA.png, id=2148, 913.9746pt x 351.714pt>
File: Imagenes/Sim3/heatmap_ecrps_significancia_Lineal_No_Estacionario_ARIMA.png Graphic file (type png)
<use Imagenes/Sim3/heatmap_ecrps_significancia_Lineal_No_Estacionario_ARIMA.png>
Package pdftex.def Info: Imagenes/Sim3/heatmap_ecrps_significancia_Lineal_No_Estacionario_ARIMA.png  used on input line 720.
(pdftex.def)             Requested size: 412.02156pt x 158.5489pt.
<Imagenes/Sim3/heatmap_ecrps_significancia_No_lineal_Estacionario_SETAR.png, id=2149, 913.9746pt x 351.714pt>
File: Imagenes/Sim3/heatmap_ecrps_significancia_No_lineal_Estacionario_SETAR.png Graphic file (type png)
<use Imagenes/Sim3/heatmap_ecrps_significancia_No_lineal_Estacionario_SETAR.png>
Package pdftex.def Info: Imagenes/Sim3/heatmap_ecrps_significancia_No_lineal_Estacionario_SETAR.png  used on input line 733.
(pdftex.def)             Requested size: 412.02156pt x 158.5489pt.
[161] [162 <./Imagenes/Sim3/heatmap_ecrps_significancia_Lineal_Estacionario_ARMA.png> <./Imagenes/Sim3/heatmap_ecrps_significancia_Lineal_No_Estacionario_ARIMA.png> <./Imagenes/Sim3/heatmap_ecrps_significancia_No_lineal_Estacionario_SETAR.png>] [163] [164]
<Imagenes/Sim4/zscore_proporciones_general.png, id=2178, 702.2235pt x 568.7649pt>
File: Imagenes/Sim4/zscore_proporciones_general.png Graphic file (type png)
<use Imagenes/Sim4/zscore_proporciones_general.png>
Package pdftex.def Info: Imagenes/Sim4/zscore_proporciones_general.png  used on input line 787.
(pdftex.def)             Requested size: 457.80486pt x 370.79498pt.
 [165]
Overfull \hbox (4.07623pt too wide) in paragraph at lines 794--795
[]\OT1/cmr/bx/n/12 R^^Segimen I: []Optimo en 20% (Block Boot-strap-ping, AREPD, MCPS, AV-MCPS).
 []

[166 <./Imagenes/Sim4/zscore_proporciones_general.png>]
<Imagenes/Sim4/zscore_arma.png, id=2192, 702.2235pt x 568.7649pt>
File: Imagenes/Sim4/zscore_arma.png Graphic file (type png)
<use Imagenes/Sim4/zscore_arma.png>
Package pdftex.def Info: Imagenes/Sim4/zscore_arma.png  used on input line 809.
(pdftex.def)             Requested size: 366.24527pt x 296.63599pt.
<Imagenes/Sim4/zscore_arima.png, id=2193, 702.2235pt x 568.7649pt>
File: Imagenes/Sim4/zscore_arima.png Graphic file (type png)
<use Imagenes/Sim4/zscore_arima.png>
Package pdftex.def Info: Imagenes/Sim4/zscore_arima.png  used on input line 816.
(pdftex.def)             Requested size: 366.24527pt x 296.63599pt.


LaTeX Warning: Float too large for page by 59.24208pt on input line 822.

<Imagenes/Sim4/zscore_setar.png, id=2194, 702.2235pt x 568.7649pt>
File: Imagenes/Sim4/zscore_setar.png Graphic file (type png)
<use Imagenes/Sim4/zscore_setar.png>
Package pdftex.def Info: Imagenes/Sim4/zscore_setar.png  used on input line 829.
(pdftex.def)             Requested size: 366.24527pt x 296.63599pt.
<Imagenes/Sim4/evolucion_general.png, id=2197, 856.1586pt x 496.4949pt>
File: Imagenes/Sim4/evolucion_general.png Graphic file (type png)
<use Imagenes/Sim4/evolucion_general.png>
Package pdftex.def Info: Imagenes/Sim4/evolucion_general.png  used on input line 849.
(pdftex.def)             Requested size: 457.80486pt x 265.482pt.

Overfull \hbox (4.82214pt too wide) in paragraph at lines 856--857
[]\OT1/cmr/bx/n/12 Patr^^Son 1: M^^Setodos ro-bus-tos a la pro-porci^^Son (Sieve Boot-strap, LSPM, LSPMW).
 []

[167] [168 <./Imagenes/Sim4/zscore_arma.png> <./Imagenes/Sim4/zscore_arima.png>] [169 <./Imagenes/Sim4/zscore_setar.png>] [170 <./Imagenes/Sim4/evolucion_general.png>]
<Imagenes/Sim4/evolucion_arma.png, id=2220, 855.6768pt x 496.4949pt>
File: Imagenes/Sim4/evolucion_arma.png Graphic file (type png)
<use Imagenes/Sim4/evolucion_arma.png>
Package pdftex.def Info: Imagenes/Sim4/evolucion_arma.png  used on input line 872.
(pdftex.def)             Requested size: 457.80486pt x 265.63351pt.
<Imagenes/Sim4/evolucion_arima.png, id=2221, 856.1586pt x 496.4949pt>
File: Imagenes/Sim4/evolucion_arima.png Graphic file (type png)
<use Imagenes/Sim4/evolucion_arima.png>
Package pdftex.def Info: Imagenes/Sim4/evolucion_arima.png  used on input line 879.
(pdftex.def)             Requested size: 457.80486pt x 265.482pt.
<Imagenes/Sim4/evolucion_setar.png, id=2222, 855.6768pt x 496.4949pt>
File: Imagenes/Sim4/evolucion_setar.png Graphic file (type png)
<use Imagenes/Sim4/evolucion_setar.png>
Package pdftex.def Info: Imagenes/Sim4/evolucion_setar.png  used on input line 892.
(pdftex.def)             Requested size: 457.80486pt x 265.63351pt.

Overfull \hbox (7.5053pt too wide) in paragraph at lines 902--903
\OT1/cmr/m/n/12 pro-por-ciones ba-jas (20%) para to-dos los m^^Setodos ex-cepto Sieve Boot-strap y LSPM/LSPMW.
 []


Overfull \hbox (3.07243pt too wide) in paragraph at lines 902--903
\OT1/cmr/m/n/12 Block Boot-strap-ping al-canza su mejor de-sempe~no en 20% (ECRPS = 0.855), de-te-rior^^Sandose
 []

[171] [172 <./Imagenes/Sim4/evolucion_arma.png> <./Imagenes/Sim4/evolucion_arima.png>] [173 <./Imagenes/Sim4/evolucion_setar.png>]
<Imagenes/Sim4/heatmap_ecrps_significancia_General.png, id=2244, 911.3247pt x 351.714pt>
File: Imagenes/Sim4/heatmap_ecrps_significancia_General.png Graphic file (type png)
<use Imagenes/Sim4/heatmap_ecrps_significancia_General.png>
Package pdftex.def Info: Imagenes/Sim4/heatmap_ecrps_significancia_General.png  used on input line 919.
(pdftex.def)             Requested size: 457.80486pt x 176.68304pt.
 [174 <./Imagenes/Sim4/heatmap_ecrps_significancia_General.png>]
Overfull \hbox (1.93784pt too wide) in paragraph at lines 928--929
\OT1/cmr/m/n/12 (Secci^^Son [][]4.5.3[][]), aunque vi-sual-mente sug-er-entes, no al-can-zan sig-nif-i-can-cia es-tad^^S^^Pstica cuando
 []

<Imagenes/Sim4/heatmap_ecrps_significancia_Lineal_Estacionario_ARMA.png, id=2256, 910.8429pt x 351.714pt>
File: Imagenes/Sim4/heatmap_ecrps_significancia_Lineal_Estacionario_ARMA.png Graphic file (type png)
<use Imagenes/Sim4/heatmap_ecrps_significancia_Lineal_Estacionario_ARMA.png>
Package pdftex.def Info: Imagenes/Sim4/heatmap_ecrps_significancia_Lineal_Estacionario_ARMA.png  used on input line 940.
(pdftex.def)             Requested size: 412.02156pt x 159.10168pt.
<Imagenes/Sim4/heatmap_ecrps_significancia_Lineal_No_Estacionario_ARIMA.png, id=2257, 910.8429pt x 351.714pt>
File: Imagenes/Sim4/heatmap_ecrps_significancia_Lineal_No_Estacionario_ARIMA.png Graphic file (type png)
<use Imagenes/Sim4/heatmap_ecrps_significancia_Lineal_No_Estacionario_ARIMA.png>
Package pdftex.def Info: Imagenes/Sim4/heatmap_ecrps_significancia_Lineal_No_Estacionario_ARIMA.png  used on input line 947.
(pdftex.def)             Requested size: 412.02156pt x 159.10168pt.
<Imagenes/Sim4/heatmap_ecrps_significancia_No_Lineal_Estacionario_SETAR.png, id=2258, 910.8429pt x 351.714pt>
File: Imagenes/Sim4/heatmap_ecrps_significancia_No_Lineal_Estacionario_SETAR.png Graphic file (type png)
<use Imagenes/Sim4/heatmap_ecrps_significancia_No_Lineal_Estacionario_SETAR.png>
Package pdftex.def Info: Imagenes/Sim4/heatmap_ecrps_significancia_No_Lineal_Estacionario_SETAR.png  used on input line 960.
(pdftex.def)             Requested size: 412.02156pt x 159.10168pt.
[175] [176 <./Imagenes/Sim4/heatmap_ecrps_significancia_Lineal_Estacionario_ARMA.png> <./Imagenes/Sim4/heatmap_ecrps_significancia_Lineal_No_Estacionario_ARIMA.png> <./Imagenes/Sim4/heatmap_ecrps_significancia_No_Lineal_Estacionario_SETAR.png>] [177] [178]
<Imagenes/Sim5/rendimiento_escenario.png, id=2289, 1004.553pt x 570.933pt>
File: Imagenes/Sim5/rendimiento_escenario.png Graphic file (type png)
<use Imagenes/Sim5/rendimiento_escenario.png>
Package pdftex.def Info: Imagenes/Sim5/rendimiento_escenario.png  used on input line 1000.
(pdftex.def)             Requested size: 457.80486pt x 260.19307pt.
 [179]
<Imagenes/Sim5/evolucion_general.png, id=2295, 860.013pt x 498.663pt>
File: Imagenes/Sim5/evolucion_general.png Graphic file (type png)
<use Imagenes/Sim5/evolucion_general.png>
Package pdftex.def Info: Imagenes/Sim5/evolucion_general.png  used on input line 1024.
(pdftex.def)             Requested size: 457.80486pt x 265.44669pt.
 [180 <./Imagenes/Sim5/rendimiento_escenario.png>] [181 <./Imagenes/Sim5/evolucion_general.png>]
<Imagenes/Sim5/evolucion_arma.png, id=2308, 860.013pt x 498.663pt>
File: Imagenes/Sim5/evolucion_arma.png Graphic file (type png)
<use Imagenes/Sim5/evolucion_arma.png>
Package pdftex.def Info: Imagenes/Sim5/evolucion_arma.png  used on input line 1048.
(pdftex.def)             Requested size: 457.80486pt x 265.44669pt.
<Imagenes/Sim5/evolucion_arima.png, id=2309, 860.013pt x 498.663pt>
File: Imagenes/Sim5/evolucion_arima.png Graphic file (type png)
<use Imagenes/Sim5/evolucion_arima.png>
Package pdftex.def Info: Imagenes/Sim5/evolucion_arima.png  used on input line 1055.
(pdftex.def)             Requested size: 457.80486pt x 265.44669pt.
<Imagenes/Sim5/evolucion_setar.png, id=2310, 860.013pt x 498.663pt>
File: Imagenes/Sim5/evolucion_setar.png Graphic file (type png)
<use Imagenes/Sim5/evolucion_setar.png>
Package pdftex.def Info: Imagenes/Sim5/evolucion_setar.png  used on input line 1067.
(pdftex.def)             Requested size: 457.80486pt x 265.44669pt.
 [182] [183 <./Imagenes/Sim5/evolucion_arma.png> <./Imagenes/Sim5/evolucion_arima.png>] [184 <./Imagenes/Sim5/evolucion_setar.png>]
Overfull \hbox (8.22548pt too wide) in paragraph at lines 1085--1086
\OT1/cmr/m/n/12 En pro-ce-sos ARIMA (Figura [][]\OT1/cmr/bx/n/12 4-33\OT1/cmr/m/n/12 b[][]), el patr^^Son de degradaci^^Son se in-ten-si-fica dram^^Saticamente,
 []

[185]
Package microtype Info: Loading generic protrusion settings for font family
(microtype)             `cmss' (encoding: TS1).
(microtype)             For optimal results, create family-specific settings.
(microtype)             See the microtype manual for details.
<Imagenes/Sim5/interaccion_config_general.png, id=2339, 1149.093pt x 866.5173pt>
File: Imagenes/Sim5/interaccion_config_general.png Graphic file (type png)
<use Imagenes/Sim5/interaccion_config_general.png>
Package pdftex.def Info: Imagenes/Sim5/interaccion_config_general.png  used on input line 1109.
(pdftex.def)             Requested size: 457.80486pt x 345.2257pt.
 [186] [187 <./Imagenes/Sim5/interaccion_config_general.png>]
<Imagenes/Sim5/interaccion_config_arma.png, id=2353, 1148.8521pt x 866.5173pt>
File: Imagenes/Sim5/interaccion_config_arma.png Graphic file (type png)
<use Imagenes/Sim5/interaccion_config_arma.png>
Package pdftex.def Info: Imagenes/Sim5/interaccion_config_arma.png  used on input line 1132.
(pdftex.def)             Requested size: 457.80486pt x 345.29181pt.
 [188] [189 <./Imagenes/Sim5/interaccion_config_arma.png>]
<Imagenes/Sim5/interaccion_config_arima.png, id=2366, 1148.8521pt x 866.5173pt>
File: Imagenes/Sim5/interaccion_config_arima.png Graphic file (type png)
<use Imagenes/Sim5/interaccion_config_arima.png>
Package pdftex.def Info: Imagenes/Sim5/interaccion_config_arima.png  used on input line 1149.
(pdftex.def)             Requested size: 457.80486pt x 345.29181pt.
 [190 <./Imagenes/Sim5/interaccion_config_arima.png>]
<Imagenes/Sim5/interaccion_config_setar.png, id=2374, 1148.8521pt x 866.5173pt>
File: Imagenes/Sim5/interaccion_config_setar.png Graphic file (type png)
<use Imagenes/Sim5/interaccion_config_setar.png>
Package pdftex.def Info: Imagenes/Sim5/interaccion_config_setar.png  used on input line 1168.
(pdftex.def)             Requested size: 457.80486pt x 345.29181pt.
 [191] [192 <./Imagenes/Sim5/interaccion_config_setar.png>] [193]
Overfull \hbox (8.96729pt too wide) in paragraph at lines 1195--1196
\OT1/cmr/bx/n/12 de degradaci^^Son. \OT1/cmr/m/n/12 La es-trat-i-fi-caci^^Son ob-ser-vada en ARIMA (ARIMA(2,1,2) di-vergiendo
 []


Overfull \hbox (6.2605pt too wide) in paragraph at lines 1195--1196
\OT1/cmr/m/n/12 hasta 3\TS1/cmr/m/n/12 Ö \OT1/cmr/m/n/12 m^^Sas r^^Sapido que ARIMA(0,1,0)) in-dica que sis-temas con m^^Sultiples par^^Sametros
 []

[194]
<Imagenes/Sim5/6.4_matriz_DM.png, id=2402, 942.8826pt x 860.013pt>
File: Imagenes/Sim5/6.4_matriz_DM.png Graphic file (type png)
<use Imagenes/Sim5/6.4_matriz_DM.png>
Package pdftex.def Info: Imagenes/Sim5/6.4_matriz_DM.png  used on input line 1211.
(pdftex.def)             Requested size: 457.80486pt x 417.5651pt.
 [195 <./Imagenes/Sim5/6.4_matriz_DM.png>]
<Imagenes/Sim5/6.4.a_matriz_DM.png, id=2411, 942.8826pt x 860.013pt>
File: Imagenes/Sim5/6.4.a_matriz_DM.png Graphic file (type png)
<use Imagenes/Sim5/6.4.a_matriz_DM.png>
Package pdftex.def Info: Imagenes/Sim5/6.4.a_matriz_DM.png  used on input line 1228.
(pdftex.def)             Requested size: 457.80486pt x 417.5651pt.
<Imagenes/Sim5/6.4.b_matriz_DM.png, id=2412, 942.8826pt x 860.013pt>
File: Imagenes/Sim5/6.4.b_matriz_DM.png Graphic file (type png)
<use Imagenes/Sim5/6.4.b_matriz_DM.png>
Package pdftex.def Info: Imagenes/Sim5/6.4.b_matriz_DM.png  used on input line 1238.
(pdftex.def)             Requested size: 457.80486pt x 417.5651pt.
<Imagenes/Sim5/6.4.c_matriz_DM.png, id=2413, 942.8826pt x 860.013pt>
File: Imagenes/Sim5/6.4.c_matriz_DM.png Graphic file (type png)
<use Imagenes/Sim5/6.4.c_matriz_DM.png>
Package pdftex.def Info: Imagenes/Sim5/6.4.c_matriz_DM.png  used on input line 1251.
(pdftex.def)             Requested size: 457.80486pt x 417.5651pt.
 [196] [197 <./Imagenes/Sim5/6.4.a_matriz_DM.png>] [198 <./Imagenes/Sim5/6.4.b_matriz_DM.png>] [199 <./Imagenes/Sim5/6.4.c_matriz_DM.png>]) [200]
\openout2 = `Capitulos/Cap5.aux'.

 (Capitulos/Cap5.tex
chapter 5.

Overfull \hbox (2.33342pt too wide) in paragraph at lines 7--8
[]\OT1/cmr/m/n/12 Se anal-izan tres con-jun-tos de datos rep-re-sen-ta-tivos de dis-tin-tos do-min-ios: con-sumo el^^Sectrico
 []

[201




] [202] [203] [204] [205]
Overfull \hbox (1.7506pt too wide) in paragraph at lines 150--151
[]\OT1/cmr/m/n/12 La hip^^Sotesis al-ter-na-tiva es \OT1/cmr/m/it/12 uni-lat-eral su-pe-rior\OT1/cmr/m/n/12 : la no esta-cionar-iedad se en-tiende ^^Sunicamente
 []

[206] [207] [208] [209] [210] [211] [212]
<Imagenes/Cap5_elec_serie_original.png, id=2588, 859.2903pt x 484.9317pt>
File: Imagenes/Cap5_elec_serie_original.png Graphic file (type png)
<use Imagenes/Cap5_elec_serie_original.png>
Package pdftex.def Info: Imagenes/Cap5_elec_serie_original.png  used on input line 382.
(pdftex.def)             Requested size: 325.8519pt x 183.89119pt.
<Imagenes/Cap5_elec_serie_box_cox.png, id=2589, 859.2903pt x 484.9317pt>
File: Imagenes/Cap5_elec_serie_box_cox.png Graphic file (type png)
<use Imagenes/Cap5_elec_serie_box_cox.png>
Package pdftex.def Info: Imagenes/Cap5_elec_serie_box_cox.png  used on input line 390.
(pdftex.def)             Requested size: 325.8519pt x 183.89119pt.
<Imagenes/Cap5_elec_serie_trend.png, id=2590, 859.2903pt x 484.9317pt>
File: Imagenes/Cap5_elec_serie_trend.png Graphic file (type png)
<use Imagenes/Cap5_elec_serie_trend.png>
Package pdftex.def Info: Imagenes/Cap5_elec_serie_trend.png  used on input line 398.
(pdftex.def)             Requested size: 325.8519pt x 183.89119pt.


LaTeX Warning: Float too large for page by 24.0173pt on input line 405.

[213] [214 <./Imagenes/Cap5_elec_serie_original.png> <./Imagenes/Cap5_elec_serie_box_cox.png> <./Imagenes/Cap5_elec_serie_trend.png>]
<Imagenes/Cap5_elec_acf_pacf.png, id=2606, 1003.75pt x 501.875pt>
File: Imagenes/Cap5_elec_acf_pacf.png Graphic file (type png)
<use Imagenes/Cap5_elec_acf_pacf.png>
Package pdftex.def Info: Imagenes/Cap5_elec_acf_pacf.png  used on input line 421.
(pdftex.def)             Requested size: 457.80486pt x 228.90485pt.
 [215] [216 <./Imagenes/Cap5_elec_acf_pacf.png>]
Underfull \hbox (badness 10000) in paragraph at lines 460--460
[]|\OT1/cmr/m/n/10.95 Transformaci^^Son Box-
 []


Underfull \hbox (badness 2538) in paragraph at lines 462--463
[]|\OT1/cmr/m/n/10.95 Serie esta-cionaria tras pre-
 []


Underfull \hbox (badness 10000) in paragraph at lines 464--464
[]|\OT1/cmr/m/n/10.95 Estructura tem-po-ral
 []


Underfull \hbox (badness 4013) in paragraph at lines 464--465
[]|\OT1/cmr/m/n/10.95 Dependencia AR de corto
 []


Underfull \hbox (badness 10000) in paragraph at lines 466--466
[]|\OT1/cmr/m/n/10.95 Estructura tem-po-ral
 []


Underfull \hbox (badness 6608) in paragraph at lines 466--466
[]|\OT1/cmr/m/n/10.95 Corte prin-ci-pal en lag 1
 []


Underfull \hbox (badness 2582) in paragraph at lines 466--467
[]|\OT1/cmr/m/n/10.95 Modelo AR(1) con com-po-
 []


Underfull \hbox (badness 6658) in paragraph at lines 470--471
[]|\OT1/cmr/m/n/10.95 Usar CRPS en lu-gar de
 []


Underfull \hbox (badness 10000) in paragraph at lines 474--475
[]|\OT1/cmr/m/n/10.95 Par^^Sametro de-caimiento
 []

[217] [218]
<Imagenes/electricity_serie_0_TypeA_Top3_Mejores.png, id=2633, 730.8906pt x 1401.5562pt>
File: Imagenes/electricity_serie_0_TypeA_Top3_Mejores.png Graphic file (type png)
<use Imagenes/electricity_serie_0_TypeA_Top3_Mejores.png>
Package pdftex.def Info: Imagenes/electricity_serie_0_TypeA_Top3_Mejores.png  used on input line 526.
(pdftex.def)             Requested size: 320.46199pt x 614.52666pt.


LaTeX Warning: Float too large for page by 40.57042pt on input line 529.

[219] [220 <./Imagenes/electricity_serie_0_TypeA_Top3_Mejores.png>]
<Imagenes/Cap5_elec_boxplot_crps.png, id=2647, 867.24pt x 433.62pt>
File: Imagenes/Cap5_elec_boxplot_crps.png Graphic file (type png)
<use Imagenes/Cap5_elec_boxplot_crps.png>
Package pdftex.def Info: Imagenes/Cap5_elec_boxplot_crps.png  used on input line 536.
(pdftex.def)             Requested size: 457.80486pt x 228.90442pt.
 [221 <./Imagenes/Cap5_elec_boxplot_crps.png>]
Overfull \hbox (4.45285pt too wide) in paragraph at lines 547--548
\OT1/cmr/m/n/12 Para eval-uar si las difer-en-cias ob-ser-vadas en de-sempe~no pre-dic-tivo re-sul-tan es-tad^^S^^Psticamente
 []

<Imagenes/Cap5_elec_HLN_DM_Pvalues_Matrix.png, id=2654, 887.2347pt x 783.4068pt>
File: Imagenes/Cap5_elec_HLN_DM_Pvalues_Matrix.png Graphic file (type png)
<use Imagenes/Cap5_elec_HLN_DM_Pvalues_Matrix.png>
Package pdftex.def Info: Imagenes/Cap5_elec_HLN_DM_Pvalues_Matrix.png  used on input line 553.
(pdftex.def)             Requested size: 434.91321pt x 384.01614pt.
[222] [223 <./Imagenes/Cap5_elec_HLN_DM_Pvalues_Matrix.png>]
<Imagenes/Cap5_elec_pit_histograms.png, id=2666, 1084.05pt x 867.24pt>
File: Imagenes/Cap5_elec_pit_histograms.png Graphic file (type png)
<use Imagenes/Cap5_elec_pit_histograms.png>
Package pdftex.def Info: Imagenes/Cap5_elec_pit_histograms.png  used on input line 572.
(pdftex.def)             Requested size: 434.91321pt x 347.93527pt.
<Imagenes/Cap5_elec_reliability.png, id=2668, 578.16pt x 578.16pt>
File: Imagenes/Cap5_elec_reliability.png Graphic file (type png)
<use Imagenes/Cap5_elec_reliability.png>
Package pdftex.def Info: Imagenes/Cap5_elec_reliability.png  used on input line 581.
(pdftex.def)             Requested size: 434.91321pt x 434.90694pt.
 [224] [225 <./Imagenes/Cap5_elec_pit_histograms.png>] [226 <./Imagenes/Cap5_elec_reliability.png>] [227] [228]
<Imagenes/Cap5_traffic_serie_original.png, id=2696, 859.2903pt x 484.9317pt>
File: Imagenes/Cap5_traffic_serie_original.png Graphic file (type png)
<use Imagenes/Cap5_traffic_serie_original.png>
Package pdftex.def Info: Imagenes/Cap5_traffic_serie_original.png  used on input line 634.
(pdftex.def)             Requested size: 325.8519pt x 183.89119pt.
<Imagenes/Cap5_traffic_serie_box_cox.png, id=2697, 859.2903pt x 484.9317pt>
File: Imagenes/Cap5_traffic_serie_box_cox.png Graphic file (type png)
<use Imagenes/Cap5_traffic_serie_box_cox.png>
Package pdftex.def Info: Imagenes/Cap5_traffic_serie_box_cox.png  used on input line 642.
(pdftex.def)             Requested size: 325.8519pt x 183.89119pt.
<Imagenes/Cap5_traffic_serie_trend.png, id=2698, 859.2903pt x 484.9317pt>
File: Imagenes/Cap5_traffic_serie_trend.png Graphic file (type png)
<use Imagenes/Cap5_traffic_serie_trend.png>
Package pdftex.def Info: Imagenes/Cap5_traffic_serie_trend.png  used on input line 650.
(pdftex.def)             Requested size: 325.8519pt x 183.89119pt.


LaTeX Warning: Float too large for page by 24.0173pt on input line 657.

<Imagenes/Cap5_traffic_acf_pacf.png, id=2700, 1003.75pt x 501.875pt>
File: Imagenes/Cap5_traffic_acf_pacf.png Graphic file (type png)
<use Imagenes/Cap5_traffic_acf_pacf.png>
Package pdftex.def Info: Imagenes/Cap5_traffic_acf_pacf.png  used on input line 667.
(pdftex.def)             Requested size: 434.91321pt x 217.45616pt.

Overfull \hbox (2.35152pt too wide) in paragraph at lines 674--675
\OT1/cmr/m/n/12 Los tests de no lin-eal-i-dad (BDS, McLeod-Li, Tsay) rec-haz-aron con-sis-ten-te-mente la hip^^Sotesis
 []

[229] [230 <./Imagenes/Cap5_traffic_serie_original.png> <./Imagenes/Cap5_traffic_serie_box_cox.png> <./Imagenes/Cap5_traffic_serie_trend.png>]
Overfull \hbox (63.95447pt too wide) in paragraph at lines 695--710
 [][] 
 []

[231 <./Imagenes/Cap5_traffic_acf_pacf.png>]
<Imagenes/Cap5_traffic_boxplot_crps.png, id=2723, 867.24pt x 433.62pt>
File: Imagenes/Cap5_traffic_boxplot_crps.png Graphic file (type png)
<use Imagenes/Cap5_traffic_boxplot_crps.png>
Package pdftex.def Info: Imagenes/Cap5_traffic_boxplot_crps.png  used on input line 718.
(pdftex.def)             Requested size: 434.91321pt x 217.45789pt.
 [232] [233 <./Imagenes/Cap5_traffic_boxplot_crps.png>]
<Imagenes/traffic_TypeA_Top3_Mejores.png, id=2734, 730.8906pt x 1401.5562pt>
File: Imagenes/traffic_TypeA_Top3_Mejores.png Graphic file (type png)
<use Imagenes/traffic_TypeA_Top3_Mejores.png>
Package pdftex.def Info: Imagenes/traffic_TypeA_Top3_Mejores.png  used on input line 735.
(pdftex.def)             Requested size: 320.46199pt x 614.52666pt.


LaTeX Warning: Float too large for page by 40.57042pt on input line 738.


Overfull \hbox (4.45285pt too wide) in paragraph at lines 746--747
\OT1/cmr/m/n/12 Para eval-uar si las difer-en-cias ob-ser-vadas en de-sempe~no pre-dic-tivo re-sul-tan es-tad^^S^^Psticamente
 []

<Imagenes/Cap5_traffic_HLN_DM_Pvalues_Matrix.png, id=2736, 887.2347pt x 783.4068pt>
File: Imagenes/Cap5_traffic_HLN_DM_Pvalues_Matrix.png Graphic file (type png)
<use Imagenes/Cap5_traffic_HLN_DM_Pvalues_Matrix.png>
Package pdftex.def Info: Imagenes/Cap5_traffic_HLN_DM_Pvalues_Matrix.png  used on input line 752.
(pdftex.def)             Requested size: 434.91321pt x 384.01614pt.
[234] [235 <./Imagenes/traffic_TypeA_Top3_Mejores.png>] [236 <./Imagenes/Cap5_traffic_HLN_DM_Pvalues_Matrix.png>] [237]
<Imagenes/Cap5_traffic_pit_histograms.png, id=2758, 1084.05pt x 867.24pt>
File: Imagenes/Cap5_traffic_pit_histograms.png Graphic file (type png)
<use Imagenes/Cap5_traffic_pit_histograms.png>
Package pdftex.def Info: Imagenes/Cap5_traffic_pit_histograms.png  used on input line 775.
(pdftex.def)             Requested size: 434.91321pt x 347.93527pt.
 [238 <./Imagenes/Cap5_traffic_pit_histograms.png>]
<Imagenes/Cap5_traffic_reliability.png, id=2766, 578.16pt x 578.16pt>
File: Imagenes/Cap5_traffic_reliability.png Graphic file (type png)
<use Imagenes/Cap5_traffic_reliability.png>
Package pdftex.def Info: Imagenes/Cap5_traffic_reliability.png  used on input line 788.
(pdftex.def)             Requested size: 434.91321pt x 434.90694pt.
 [239] [240 <./Imagenes/Cap5_traffic_reliability.png>] [241] [242]
<Imagenes/Cap5_exchange_serie_original.png, id=2786, 859.2903pt x 484.9317pt>
File: Imagenes/Cap5_exchange_serie_original.png Graphic file (type png)
<use Imagenes/Cap5_exchange_serie_original.png>
Package pdftex.def Info: Imagenes/Cap5_exchange_serie_original.png  used on input line 843.
(pdftex.def)             Requested size: 325.8519pt x 183.89119pt.
<Imagenes/Cap5_exchange_serie_box_cox.png, id=2787, 859.2903pt x 484.9317pt>
File: Imagenes/Cap5_exchange_serie_box_cox.png Graphic file (type png)
<use Imagenes/Cap5_exchange_serie_box_cox.png>
Package pdftex.def Info: Imagenes/Cap5_exchange_serie_box_cox.png  used on input line 851.
(pdftex.def)             Requested size: 325.8519pt x 183.89119pt.
<Imagenes/Cap5_exchange_serie_trend.png, id=2788, 859.2903pt x 484.9317pt>
File: Imagenes/Cap5_exchange_serie_trend.png Graphic file (type png)
<use Imagenes/Cap5_exchange_serie_trend.png>
Package pdftex.def Info: Imagenes/Cap5_exchange_serie_trend.png  used on input line 859.
(pdftex.def)             Requested size: 325.8519pt x 183.89119pt.


LaTeX Warning: Float too large for page by 24.0173pt on input line 866.

[243] [244 <./Imagenes/Cap5_exchange_serie_original.png> <./Imagenes/Cap5_exchange_serie_box_cox.png> <./Imagenes/Cap5_exchange_serie_trend.png>]
<Imagenes/Cap5_exchange_acf_pacf.png, id=2804, 1003.75pt x 803.0pt>
File: Imagenes/Cap5_exchange_acf_pacf.png Graphic file (type png)
<use Imagenes/Cap5_exchange_acf_pacf.png>
Package pdftex.def Info: Imagenes/Cap5_exchange_acf_pacf.png  used on input line 878.
(pdftex.def)             Requested size: 434.91321pt x 347.92987pt.
 [245 <./Imagenes/Cap5_exchange_acf_pacf.png>] [246]
Overfull \hbox (63.95447pt too wide) in paragraph at lines 912--927
 [][] 
 []

[247]
<Imagenes/Cap5_exchange_boxplot_crps.png, id=2822, 867.24pt x 433.62pt>
File: Imagenes/Cap5_exchange_boxplot_crps.png Graphic file (type png)
<use Imagenes/Cap5_exchange_boxplot_crps.png>
Package pdftex.def Info: Imagenes/Cap5_exchange_boxplot_crps.png  used on input line 935.
(pdftex.def)             Requested size: 457.80486pt x 228.90442pt.
 [248 <./Imagenes/Cap5_exchange_boxplot_crps.png>]
<Imagenes/Exchange_Series_0_TypeA_Top3_Mejores.png, id=2829, 730.8906pt x 1401.5562pt>
File: Imagenes/Exchange_Series_0_TypeA_Top3_Mejores.png Graphic file (type png)
<use Imagenes/Exchange_Series_0_TypeA_Top3_Mejores.png>
Package pdftex.def Info: Imagenes/Exchange_Series_0_TypeA_Top3_Mejores.png  used on input line 954.
(pdftex.def)             Requested size: 320.46199pt x 614.52666pt.


LaTeX Warning: Float too large for page by 40.57042pt on input line 957.

[249] [250 <./Imagenes/Exchange_Series_0_TypeA_Top3_Mejores.png>]
Overfull \hbox (4.45285pt too wide) in paragraph at lines 968--969
\OT1/cmr/m/n/12 Para eval-uar si las difer-en-cias ob-ser-vadas en de-sempe~no pre-dic-tivo re-sul-tan es-tad^^S^^Psticamente
 []

<Imagenes/Cap5_exchange_HLN_DM_Pvalues_Matrix.png, id=2841, 887.2347pt x 783.4068pt>
File: Imagenes/Cap5_exchange_HLN_DM_Pvalues_Matrix.png Graphic file (type png)
<use Imagenes/Cap5_exchange_HLN_DM_Pvalues_Matrix.png>
Package pdftex.def Info: Imagenes/Cap5_exchange_HLN_DM_Pvalues_Matrix.png  used on input line 974.
(pdftex.def)             Requested size: 434.91321pt x 384.01614pt.
[251] [252 <./Imagenes/Cap5_exchange_HLN_DM_Pvalues_Matrix.png>]
<Imagenes/Cap5_exchange_pit_histograms.png, id=2853, 1084.05pt x 867.24pt>
File: Imagenes/Cap5_exchange_pit_histograms.png Graphic file (type png)
<use Imagenes/Cap5_exchange_pit_histograms.png>
Package pdftex.def Info: Imagenes/Cap5_exchange_pit_histograms.png  used on input line 995.
(pdftex.def)             Requested size: 434.91321pt x 347.93527pt.
 [253] [254 <./Imagenes/Cap5_exchange_pit_histograms.png>]
<Imagenes/Cap5_exchange_reliability.png, id=2865, 578.16pt x 578.16pt>
File: Imagenes/Cap5_exchange_reliability.png Graphic file (type png)
<use Imagenes/Cap5_exchange_reliability.png>
Package pdftex.def Info: Imagenes/Cap5_exchange_reliability.png  used on input line 1010.
(pdftex.def)             Requested size: 434.91321pt x 434.90694pt.
 [255] [256 <./Imagenes/Cap5_exchange_reliability.png>] [257] [258]) [259]
\openout2 = `Capitulos/Cap6.aux'.

 (Capitulos/Cap6.tex
chapter 6.
[260




] [261]
Overfull \hbox (19.47388pt too wide) in paragraph at lines 33--34
\OT1/cmr/m/n/12 2,000 ob-ser-va-ciones, el es-tu-dio fa-voreci^^So intr^^S^^Pnsecamente a mod-e-los con pocos par^^Sametros.
 []

[262]) [263]
\openout2 = `Capitulos/apend1.aux'.

 (Capitulos/apend1.tex
chapter A.
[264




] [265]) [266] [267]
chapter without number
[268




] [269]
Overfull \hbox (5.63701pt too wide) in paragraph at lines 255--255
\OT1/cmr/m/n/12 heteroskedasticity-autocorrelation ro-bust tests". In: \OT1/cmr/m/it/12 Econo-met-ric The-ory \OT1/cmr/m/n/12 21.6, pp. 1130{
 []

[270]
Overfull \hbox (4.5656pt too wide) in paragraph at lines 255--255
[][][]\OT1/cmr/m/n/12 (2022). \OT1/cmr/m/it/12 Al-go-rith-mic Learn-ing in a Ran-dom World\OT1/cmr/m/n/12 . Sec-ond. Cham, Switzer-land: Springer.
 []

[271]
Overfull \hbox (4.78413pt too wide) in paragraph at lines 255--255
\OT1/cmr/m/n/12 tri-bu-tions for Or-der Ful-fill-ment Time Fore-cast-ing". In: \OT1/cmr/m/it/12 arXiv preprint arXiv:2505.17340\OT1/cmr/m/n/12 .
 []

[272] (main.aux (Capitulos/Cap1.aux) (Capitulos/Cap2.aux) (Capitulos/Cap3.aux) (Capitulos/Cap4.aux) (Capitulos/Cap5.aux) (Capitulos/Cap6.aux) (Capitulos/apend1.aux))
 ***********
LaTeX2e <2025-11-01>
L3 programming layer <2025-12-24>
 ***********
Package logreq Info: Writing requests to 'main.run.xml'.
\openout1 = `main.run.xml'.

 ) 
Here is how much of TeX's memory you used:
 48972 strings out of 467871
 1068316 string characters out of 5418377
 2034095 words of memory out of 5000000
 76014 multiletter control sequences out of 15000+600000
 648553 words of font info for 120 fonts, out of 8000000 for 9000
 1141 hyphenation exceptions out of 8191
 108i,21n,107p,11313b,2209s stack positions out of 10000i,1000n,20000p,200000b,200000s
 <C:\Users\pleal\AppData\Local\MiKTeX\fonts/pk/ljfour/jknappen/ec/dpi600\tcsx1440.pk> <C:\Users\pleal\AppData\Local\MiKTeX\fonts/pk/ljfour/public/bbm/dpi600\bbm12.pk> <C:\Users\pleal\AppData\Local\MiKTeX\fonts/pk/ljfour/jknappen/ec/dpi600\tcrm1200.pk><C:/Users/pleal/AppData/Local/Programs/MiKTeX/fonts/type1/public/amsfonts/cm/cmbx10.pfb><C:/Users/pleal/AppData/Local/Programs/MiKTeX/fonts/type1/public/amsfonts/cm/cmbx12.pfb><C:/Users/pleal/AppData/Local/Programs/MiKTeX/fonts/type1/public/amsfonts/cm/cmbx8.pfb><C:/Users/pleal/AppData/Local/Programs/MiKTeX/fonts/type1/public/amsfonts/cm/cmbxti10.pfb><C:/Users/pleal/AppData/Local/Programs/MiKTeX/fonts/type1/public/amsfonts/cm/cmcsc10.pfb><C:/Users/pleal/AppData/Local/Programs/MiKTeX/fonts/type1/public/amsfonts/cm/cmex10.pfb><C:/Users/pleal/AppData/Local/Programs/MiKTeX/fonts/type1/public/amsfonts/cm/cmmi10.pfb><C:/Users/pleal/AppData/Local/Programs/MiKTeX/fonts/type1/public/amsfonts/cm/cmmi12.pfb><C:/Users/pleal/AppData/Local/Programs/MiKTeX/fonts/type1/public/amsfonts/cm/cmmi6.pfb><C:/Users/pleal/AppData/Local/Programs/MiKTeX/fonts/type1/public/amsfonts/cm/cmmi7.pfb><C:/Users/pleal/AppData/Local/Programs/MiKTeX/fonts/type1/public/amsfonts/cm/cmmi8.pfb><C:/Users/pleal/AppData/Local/Programs/MiKTeX/fonts/type1/public/amsfonts/cm/cmmib10.pfb><C:/Users/pleal/AppData/Local/Programs/MiKTeX/fonts/type1/public/amsfonts/cmextra/cmmib8.pfb><C:/Users/pleal/AppData/Local/Programs/MiKTeX/fonts/type1/public/amsfonts/cm/cmr10.pfb><C:/Users/pleal/AppData/Local/Programs/MiKTeX/fonts/type1/public/amsfonts/cm/cmr12.pfb><C:/Users/pleal/AppData/Local/Programs/MiKTeX/fonts/type1/public/amsfonts/cm/cmr6.pfb><C:/Users/pleal/AppData/Local/Programs/MiKTeX/fonts/type1/public/amsfonts/cm/cmr8.pfb><C:/Users/pleal/AppData/Local/Programs/MiKTeX/fonts/type1/public/amsfonts/cm/cmsl12.pfb><C:/Users/pleal/AppData/Local/Programs/MiKTeX/fonts/type1/public/amsfonts/cm/cmssbx10.pfb><C:/Users/pleal/AppData/Local/Programs/MiKTeX/fonts/type1/public/amsfonts/cm/cmsy10.pfb><C:/Users/pleal/AppData/Local/Programs/MiKTeX/fonts/type1/public/amsfonts/cm/cmsy6.pfb><C:/Users/pleal/AppData/Local/Programs/MiKTeX/fonts/type1/public/amsfonts/cm/cmsy8.pfb><C:/Users/pleal/AppData/Local/Programs/MiKTeX/fonts/type1/public/amsfonts/cm/cmti10.pfb><C:/Users/pleal/AppData/Local/Programs/MiKTeX/fonts/type1/public/amsfonts/cm/cmti12.pfb><C:/Users/pleal/AppData/Local/Programs/MiKTeX/fonts/type1/public/amsfonts/cm/cmtt10.pfb><C:/Users/pleal/AppData/Local/Programs/MiKTeX/fonts/type1/public/amsfonts/cm/cmtt12.pfb><C:/Users/pleal/AppData/Local/Programs/MiKTeX/fonts/type1/public/amsfonts/symbols/msbm10.pfb>
Output written on main.pdf (288 pages, 31007195 bytes).
PDF statistics:
 4324 PDF objects out of 5155 (max. 8388607)
 1175 named destinations out of 1200 (max. 500000)
 20466 words of extra memory for PDF output out of 20736 (max. 10000000)

